machine_id,time_stamp,op_setting_1,op_setting_2,op_setting_3,sensor_1,sensor_2,sensor_3,sensor_4,sensor_5,sensor_6,sensor_7,sensor_8,sensor_9,sensor_10,sensor_11,sensor_12,sensor_13,sensor_14,sensor_15,sensor_16,sensor_17,sensor_18,sensor_19,sensor_20,sensor_21
176,1,42.0011,0.84,100.0,445.0,548.91,1338.59,1115.33,3.91,5.71,139.82,2211.95,8321.27,1.02,41.66,131.04,2387.98,8084.29,9.3464,0.02,329,2212,100.0,10.7,6.3151
176,2,42.0002,0.84,100.0,445.0,549.43,1352.45,1121.42,3.91,5.71,139.1,2212.01,8323.96,1.02,41.91,130.53,2388.06,8087.7,9.2961,0.02,329,2212,100.0,10.63,6.3091
176,3,0.0018,0.001,100.0,518.67,642.43,1580.82,1397.15,14.62,21.6,555.03,2388.02,9045.35,1.3,47.05,522.95,2387.96,8140.28,8.3613,0.03,390,2388,100.0,39.06,23.4366
176,4,42.0049,0.8401,100.0,445.0,549.07,1354.67,1118.76,3.91,5.71,138.77,2211.91,8323.54,1.02,41.76,130.42,2388.03,8080.82,9.3464,0.02,329,2212,100.0,10.73,6.321
176,5,42.0058,0.841,100.0,445.0,549.37,1346.95,1119.82,3.91,5.71,138.41,2211.98,8313.05,1.02,41.81,130.87,2388.04,8091.32,9.3336,0.02,329,2212,100.0,10.53,6.3508
176,6,20.0008,0.7001,100.0,491.19,607.0,1476.66,1246.21,9.35,13.65,334.62,2323.9,8715.79,1.08,44.12,315.39,2388.02,8057.38,9.1617,0.02,363,2324,100.0,24.56,14.7419
176,7,20.0069,0.7,100.0,491.19,606.87,1480.08,1235.37,9.35,13.65,335.04,2323.84,8713.31,1.08,44.01,315.51,2388.0,8062.16,9.1262,0.02,363,2324,100.0,24.8,14.7999
176,8,35.0079,0.84,100.0,449.44,554.85,1364.15,1117.95,5.48,8.0,193.89,2222.95,8344.27,1.02,41.65,183.5,2388.05,8066.39,9.2821,0.02,332,2223,100.0,15.11,8.8739
176,9,35.008,0.8403,100.0,449.44,555.46,1356.68,1123.69,5.48,8.0,194.54,2222.94,8343.84,1.02,41.72,183.67,2388.01,8068.9,9.278,0.02,333,2223,100.0,14.87,8.9633
176,10,20.0046,0.7,100.0,491.19,607.01,1478.49,1236.25,9.35,13.65,335.28,2323.84,8722.11,1.08,43.98,315.58,2388.03,8068.24,9.1467,0.02,365,2324,100.0,24.61,14.8172
176,11,42.0035,0.8414,100.0,445.0,549.17,1345.71,1118.48,3.91,5.71,139.0,2211.91,8315.86,1.02,41.63,131.02,2388.03,8086.52,9.2971,0.02,330,2212,100.0,10.68,6.3621
176,12,35.0002,0.8407,100.0,449.44,554.54,1359.3,1118.66,5.48,8.0,194.51,2222.91,8346.22,1.02,41.7,183.57,2388.02,8072.6,9.2912,0.02,331,2223,100.0,14.83,9.0111
176,13,41.9983,0.8402,100.0,445.0,549.18,1344.05,1119.18,3.91,5.71,138.93,2212.0,8327.16,1.02,41.77,130.3,2388.08,8088.6,9.3073,0.02,328,2212,100.0,10.79,6.4199
176,14,20.0029,0.7019,100.0,491.19,606.94,1476.73,1237.29,9.35,13.65,335.01,2323.88,8726.36,1.08,44.18,315.3,2388.05,8065.77,9.2057,0.02,364,2324,100.0,24.64,14.6911
176,15,25.002,0.62,60.0,462.54,536.46,1252.77,1040.13,7.05,9.02,175.54,1915.3,8008.86,0.94,36.43,164.62,2028.17,7878.5,10.8664,0.02,305,1915,84.93,14.45,8.7281
176,16,25.0014,0.6215,60.0,462.54,536.48,1253.7,1039.92,7.05,9.02,175.52,1915.35,8009.73,0.94,36.49,164.85,2028.22,7875.56,10.8448,0.02,306,1915,84.93,14.26,8.6408
176,17,0.0003,0.0009,100.0,518.67,641.98,1581.29,1393.44,14.62,21.61,554.56,2387.99,9055.0,1.3,46.9,522.8,2387.97,8138.65,8.3618,0.03,392,2388,100.0,39.11,23.4847
176,18,25.0009,0.62,60.0,462.54,536.66,1256.03,1050.17,7.05,9.03,175.34,1915.33,8004.86,0.94,36.49,165.26,2028.23,7871.99,10.8575,0.02,305,1915,84.93,14.33,8.5508
176,19,42.0044,0.84,100.0,445.0,548.78,1348.43,1117.59,3.91,5.72,138.96,2211.93,8312.22,1.02,41.78,130.91,2388.02,8081.7,9.3412,0.02,329,2212,100.0,10.71,6.4531
176,20,42.0053,0.8402,100.0,445.0,548.96,1346.74,1110.44,3.91,5.71,138.69,2211.97,8316.19,1.02,41.56,130.89,2388.05,8086.3,9.311,0.02,329,2212,100.0,10.58,6.3179
176,21,20.0038,0.7003,100.0,491.19,606.73,1475.13,1246.47,9.35,13.65,335.09,2323.83,8716.2,1.08,44.08,315.36,2388.04,8057.69,9.1462,0.02,364,2324,100.0,24.35,14.7693
176,22,35.002,0.84,100.0,449.44,555.64,1363.21,1123.31,5.48,8.0,195.42,2222.95,8340.58,1.02,41.63,183.88,2388.1,8067.98,9.2468,0.02,331,2223,100.0,14.89,9.0033
176,23,0.0013,0.0016,100.0,518.67,642.02,1580.63,1395.07,14.62,21.61,554.64,2387.99,9050.57,1.3,47.17,522.12,2387.99,8133.51,8.3971,0.03,392,2388,100.0,38.91,23.4228
176,24,9.9985,0.25,100.0,489.05,604.63,1499.79,1295.37,10.52,15.49,395.05,2318.83,8773.33,1.26,45.04,372.39,2388.0,8123.97,8.6034,0.03,367,2319,100.0,28.69,17.3302
176,25,0.002,0.0,100.0,518.67,642.19,1581.45,1392.24,14.62,21.61,554.46,2387.99,9054.62,1.3,47.1,522.16,2387.96,8142.74,8.3666,0.03,392,2388,100.0,38.94,23.4947
176,26,19.9996,0.7017,100.0,491.19,606.82,1479.77,1246.38,9.35,13.65,335.44,2323.9,8715.64,1.08,44.07,315.56,2387.98,8062.05,9.1469,0.02,364,2324,100.0,24.64,14.8125
176,27,41.9983,0.8408,100.0,445.0,549.08,1351.91,1122.94,3.91,5.71,138.9,2211.97,8325.75,1.02,41.8,130.41,2388.04,8082.44,9.3307,0.02,329,2212,100.0,10.85,6.4231
176,28,42.0011,0.84,100.0,445.0,549.6,1349.77,1114.17,3.91,5.72,139.2,2211.93,8317.5,1.02,41.94,130.94,2388.01,8085.71,9.3307,0.02,328,2212,100.0,10.71,6.4636
176,29,19.9982,0.7008,100.0,491.19,607.17,1482.66,1241.12,9.35,13.65,335.3,2323.88,8717.49,1.08,44.11,315.39,2387.98,8060.14,9.185,0.02,364,2324,100.0,24.52,14.7407
176,30,10.0025,0.2513,100.0,489.05,604.69,1496.18,1303.47,10.52,15.49,395.59,2318.86,8778.36,1.26,44.94,371.68,2387.98,8131.18,8.603,0.03,370,2319,100.0,28.64,17.1184
176,31,25.0054,0.62,60.0,462.54,537.31,1259.12,1046.6,7.05,9.03,176.01,1915.35,8012.16,0.94,36.61,164.2,2028.21,7875.4,10.8424,0.02,305,1915,84.93,14.36,8.5887
176,32,41.9985,0.8406,100.0,445.0,549.64,1345.92,1126.4,3.91,5.72,138.34,2211.99,8322.32,1.02,41.8,130.98,2388.05,8086.12,9.3409,0.02,328,2212,100.0,10.75,6.3902
176,33,42.0042,0.84,100.0,445.0,549.28,1345.84,1115.34,3.91,5.71,138.85,2211.95,8322.42,1.02,41.82,130.77,2388.07,8089.72,9.3291,0.02,328,2212,100.0,10.58,6.5575
176,34,10.0061,0.2507,100.0,489.05,603.97,1496.36,1305.94,10.52,15.49,394.86,2318.76,8779.31,1.26,45.17,371.77,2388.02,8131.76,8.6098,0.03,368,2319,100.0,28.87,17.3038
176,35,0.0015,0.0006,100.0,518.67,641.69,1587.24,1393.72,14.62,21.61,554.23,2387.99,9055.63,1.3,47.06,522.53,2387.98,8136.16,8.4223,0.03,389,2388,100.0,39.07,23.5495
176,36,9.9983,0.25,100.0,489.05,604.12,1495.49,1299.22,10.52,15.49,395.09,2318.81,8774.09,1.26,45.23,372.92,2388.04,8135.14,8.6241,0.03,369,2319,100.0,28.68,17.2536
176,37,35.0075,0.84,100.0,449.44,555.41,1362.57,1115.92,5.48,8.0,194.68,2222.94,8358.79,1.02,41.59,183.15,2387.99,8066.5,9.2525,0.02,333,2223,100.0,14.96,8.9027
176,38,35.008,0.84,100.0,449.44,555.57,1362.11,1123.03,5.48,8.0,194.35,2223.01,8343.89,1.02,41.67,183.51,2388.07,8067.01,9.2731,0.02,332,2223,100.0,14.98,8.8651
176,39,25.0003,0.621,60.0,462.54,536.37,1260.29,1030.09,7.05,9.02,174.82,1915.42,8001.58,0.94,36.39,164.77,2028.28,7876.56,10.84,0.02,304,1915,84.93,14.3,8.6038
176,40,0.0009,0.0002,100.0,518.67,642.2,1581.23,1390.24,14.62,21.61,554.62,2388.01,9049.7,1.3,47.12,522.6,2387.99,8142.77,8.4375,0.03,393,2388,100.0,39.1,23.4681
176,41,42.0067,0.8409,100.0,445.0,549.48,1345.94,1116.35,3.91,5.71,139.0,2211.98,8315.26,1.02,41.69,130.8,2388.01,8083.7,9.3323,0.02,329,2212,100.0,10.67,6.3567
176,42,10.005,0.2502,100.0,489.05,604.12,1489.11,1301.54,10.52,15.49,394.48,2318.86,8769.13,1.26,44.95,372.31,2388.0,8128.98,8.5968,0.03,368,2319,100.0,28.59,17.3092
176,43,35.0005,0.84,100.0,449.44,555.28,1359.2,1123.21,5.48,8.0,194.49,2222.98,8357.98,1.03,41.65,183.94,2388.06,8067.27,9.2683,0.02,332,2223,100.0,14.99,8.96
176,44,35.0043,0.842,100.0,449.44,554.99,1364.41,1120.23,5.48,8.0,195.36,2222.95,8348.72,1.02,41.6,183.18,2388.03,8071.01,9.2671,0.02,332,2223,100.0,14.91,8.9251
176,45,35.0033,0.84,100.0,449.44,555.54,1352.49,1124.15,5.48,8.0,194.27,2223.01,8352.68,1.02,41.68,183.06,2388.03,8072.51,9.2456,0.02,331,2223,100.0,14.89,9.0068
176,46,9.9995,0.2506,100.0,489.05,604.15,1497.43,1297.89,10.52,15.49,395.43,2318.8,8776.43,1.26,45.0,371.92,2387.99,8128.41,8.635,0.03,368,2319,100.0,28.83,17.2236
176,47,10.0061,0.2509,100.0,489.05,604.37,1488.89,1293.22,10.52,15.49,394.84,2318.84,8780.68,1.26,45.15,371.89,2387.92,8132.57,8.5991,0.03,367,2319,100.0,28.97,17.1218
176,48,42.0053,0.8405,100.0,445.0,548.96,1341.6,1116.13,3.91,5.72,138.61,2211.96,8315.81,1.02,41.84,130.83,2388.06,8089.17,9.3322,0.02,328,2212,100.0,10.64,6.3522
176,49,9.9993,0.2504,100.0,489.05,604.35,1497.27,1296.25,10.52,15.49,395.56,2318.79,8775.01,1.26,45.25,372.38,2388.03,8130.18,8.6138,0.03,369,2319,100.0,28.79,17.1891
176,50,42.0074,0.84,100.0,445.0,549.24,1351.15,1119.92,3.91,5.71,138.48,2211.95,8320.26,1.02,41.66,130.37,2388.08,8089.08,9.3005,0.02,329,2212,100.0,10.7,6.5461
176,51,35.0038,0.84,100.0,449.44,555.4,1361.99,1119.19,5.48,8.0,195.1,2222.98,8339.57,1.02,41.82,183.34,2388.02,8072.33,9.2894,0.02,330,2223,100.0,14.86,8.9237
176,52,10.0001,0.2514,100.0,489.05,604.56,1495.4,1310.52,10.52,15.49,395.21,2318.89,8776.75,1.26,45.11,372.16,2388.0,8128.22,8.646,0.03,369,2319,100.0,28.65,17.2589
176,53,20.001,0.7007,100.0,491.19,607.06,1484.45,1243.19,9.35,13.65,335.25,2323.91,8725.78,1.08,44.14,315.51,2388.0,8066.88,9.1746,0.02,363,2324,100.0,24.56,14.6605
176,54,24.9993,0.6214,60.0,462.54,536.67,1257.19,1039.95,7.05,9.03,175.65,1915.38,8007.22,0.94,36.53,164.79,2028.26,7876.48,10.8687,0.02,307,1915,84.93,14.42,8.5437
176,55,35.0031,0.84,100.0,449.44,555.12,1357.22,1117.66,5.48,8.0,194.47,2222.97,8347.0,1.03,41.48,183.57,2388.02,8073.66,9.2748,0.02,333,2223,100.0,14.67,8.9684
176,56,42.0017,0.8409,100.0,445.0,549.0,1346.63,1111.12,3.91,5.72,138.71,2211.97,8318.99,1.02,41.69,130.5,2388.06,8084.73,9.3678,0.02,330,2212,100.0,10.51,6.334
176,57,20.0045,0.7009,100.0,491.19,607.55,1478.43,1252.52,9.35,13.65,335.26,2323.9,8723.48,1.08,44.11,315.48,2388.06,8060.47,9.2119,0.02,365,2324,100.0,24.67,14.6447
176,58,25.0038,0.62,60.0,462.54,536.61,1262.96,1037.08,7.05,9.02,175.66,1915.36,8005.26,0.94,36.43,164.32,2028.23,7872.93,10.8636,0.02,307,1915,84.93,14.5,8.6922
176,59,19.9995,0.7,100.0,491.19,607.15,1477.31,1249.72,9.35,13.65,335.22,2323.86,8725.78,1.08,44.22,315.7,2388.05,8062.8,9.1731,0.02,364,2324,100.0,24.64,14.7458
176,60,42.0027,0.8403,100.0,445.0,549.03,1349.42,1120.1,3.91,5.71,138.11,2211.97,8316.55,1.02,42.0,131.13,2388.05,8090.36,9.3472,0.02,329,2212,100.0,10.57,6.3845
176,61,10.0005,0.2518,100.0,489.05,604.42,1500.86,1301.18,10.52,15.49,394.42,2318.84,8784.0,1.26,45.22,372.23,2388.02,8138.59,8.6022,0.03,368,2319,100.0,28.66,17.14
176,62,35.0063,0.84,100.0,449.44,554.94,1362.77,1119.02,5.48,8.0,194.67,2222.94,8356.56,1.02,41.71,183.38,2388.0,8064.24,9.2821,0.02,334,2223,100.0,15.0,9.0354
176,63,25.0064,0.62,60.0,462.54,536.39,1253.68,1047.02,7.05,9.03,175.81,1915.44,8004.0,0.94,36.47,164.21,2028.24,7877.63,10.8176,0.02,306,1915,84.93,14.29,8.5759
176,64,0.0016,0.0003,100.0,518.67,642.65,1583.55,1397.97,14.62,21.61,554.87,2388.02,9052.13,1.3,47.37,522.8,2387.98,8135.18,8.3906,0.03,392,2388,100.0,39.16,23.3209
176,65,10.0032,0.25,100.0,489.05,604.27,1496.99,1303.18,10.52,15.49,395.5,2318.82,8777.33,1.26,45.07,372.01,2387.99,8131.21,8.603,0.03,369,2319,100.0,28.68,17.2288
176,66,42.003,0.8415,100.0,445.0,549.1,1344.91,1116.94,3.91,5.71,138.89,2211.98,8320.84,1.02,41.7,130.94,2388.07,8090.05,9.3276,0.02,331,2212,100.0,10.6,6.3533
176,67,24.9981,0.6204,60.0,462.54,536.71,1252.5,1040.6,7.05,9.03,175.61,1915.35,8013.83,0.94,36.36,164.58,2028.23,7873.97,10.8429,0.02,307,1915,84.93,14.42,8.6004
176,68,0.0024,0.0001,100.0,518.67,642.26,1589.8,1405.16,14.62,21.61,553.91,2387.98,9062.27,1.3,47.06,521.91,2387.97,8137.04,8.3954,0.03,391,2388,100.0,39.13,23.3719
176,69,35.0023,0.84,100.0,449.44,554.93,1363.08,1117.32,5.48,8.0,194.42,2222.93,8351.15,1.02,41.74,183.48,2388.11,8071.44,9.2986,0.02,334,2223,100.0,14.75,9.0076
176,70,42.0008,0.8401,100.0,445.0,549.0,1347.54,1121.43,3.91,5.72,138.73,2211.96,8321.63,1.02,41.85,130.73,2388.03,8089.49,9.2848,0.02,329,2212,100.0,10.66,6.2765
176,71,35.0027,0.8406,100.0,449.44,555.45,1367.27,1124.79,5.48,8.0,195.6,2222.94,8344.16,1.03,41.63,183.5,2388.12,8067.67,9.2582,0.02,332,2223,100.0,14.92,8.9602
176,72,20.0045,0.7,100.0,491.19,607.13,1482.76,1244.77,9.35,13.65,335.14,2323.95,8717.28,1.08,44.13,315.04,2387.97,8061.96,9.1816,0.02,363,2324,100.0,24.68,14.6818
176,73,42.0034,0.8415,100.0,445.0,548.98,1349.81,1122.75,3.91,5.72,138.68,2211.97,8327.84,1.02,41.87,130.05,2388.01,8085.83,9.3572,0.02,330,2212,100.0,10.79,6.2908
176,74,25.0016,0.6211,60.0,462.54,536.68,1258.18,1035.45,7.05,9.02,175.18,1915.39,8009.5,0.94,36.7,165.08,2028.26,7870.54,10.8327,0.02,307,1915,84.93,14.44,8.6346
176,75,42.0011,0.8417,100.0,445.0,548.75,1346.61,1111.75,3.91,5.71,138.91,2212.03,8321.91,1.02,41.8,130.99,2388.1,8086.87,9.3485,0.02,330,2212,100.0,10.78,6.3874
176,76,35.0064,0.84,100.0,449.44,555.77,1359.0,1116.83,5.48,8.0,195.3,2222.99,8337.59,1.02,41.65,183.29,2388.14,8067.15,9.2749,0.02,333,2223,100.0,15.11,8.9041
176,77,10.002,0.25,100.0,489.05,604.57,1492.58,1297.6,10.52,15.49,395.37,2318.82,8780.56,1.26,45.11,372.19,2387.99,8131.86,8.5946,0.03,368,2319,100.0,28.61,17.2607
176,78,42.0071,0.84,100.0,445.0,549.67,1353.74,1119.36,3.91,5.72,139.04,2212.03,8324.15,1.02,41.78,130.69,2388.07,8084.01,9.3459,0.02,329,2212,100.0,10.73,6.4494
176,79,20.0071,0.7,100.0,491.19,607.21,1479.0,1247.63,9.35,13.65,335.26,2323.92,8717.83,1.08,44.08,314.98,2388.08,8063.1,9.1562,0.02,363,2324,100.0,24.87,14.7842
176,80,24.9999,0.6201,60.0,462.54,536.35,1254.42,1036.96,7.05,9.02,175.29,1915.37,8013.8,0.94,36.58,164.78,2028.25,7882.56,10.8885,0.02,306,1915,84.93,14.29,8.5984
176,81,42.0051,0.8405,100.0,445.0,549.49,1350.62,1117.48,3.91,5.71,138.38,2211.94,8324.73,1.02,41.74,130.45,2388.06,8080.77,9.3247,0.02,328,2212,100.0,10.62,6.4496
176,82,42.0,0.84,100.0,445.0,548.92,1349.83,1115.95,3.91,5.72,138.3,2211.97,8321.44,1.02,42.0,130.64,2388.05,8091.1,9.3342,0.02,331,2212,100.0,10.71,6.4531
176,83,10.0044,0.2513,100.0,489.05,604.47,1498.54,1301.68,10.52,15.49,395.02,2318.84,8775.22,1.26,45.25,371.74,2388.05,8131.52,8.6101,0.03,367,2319,100.0,28.72,17.1509
176,84,0.0023,0.0009,100.0,518.67,641.93,1589.03,1391.99,14.62,21.6,554.79,2388.02,9059.95,1.3,47.0,522.13,2388.04,8139.94,8.395,0.03,393,2388,100.0,39.02,23.3709
176,85,19.9994,0.7011,100.0,491.19,607.36,1477.19,1240.96,9.35,13.65,335.97,2323.95,8731.09,1.08,43.98,315.48,2388.06,8067.58,9.1668,0.02,364,2324,100.0,24.74,14.7494
176,86,10.006,0.25,100.0,489.05,604.81,1496.65,1303.11,10.52,15.49,394.74,2318.81,8774.24,1.26,45.11,371.38,2388.0,8133.68,8.6328,0.03,369,2319,100.0,28.71,17.1768
176,87,35.0073,0.84,100.0,449.44,555.18,1364.02,1120.35,5.48,8.0,194.67,2223.0,8351.63,1.02,41.76,182.89,2388.1,8072.01,9.2547,0.02,334,2223,100.0,14.91,8.9219
176,88,42.007,0.8419,100.0,445.0,549.13,1348.09,1121.21,3.91,5.72,139.09,2212.0,8320.39,1.02,41.84,131.03,2388.11,8088.44,9.3514,0.02,330,2212,100.0,10.4,6.4158
176,89,42.0078,0.8415,100.0,445.0,548.77,1350.52,1115.57,3.91,5.71,138.33,2211.98,8318.35,1.02,41.78,131.06,2388.09,8086.21,9.3366,0.02,331,2212,100.0,10.66,6.4402
176,90,20.0,0.7,100.0,491.19,607.39,1480.05,1240.0,9.35,13.65,335.23,2323.91,8736.86,1.08,44.22,315.2,2388.07,8063.5,9.1894,0.02,364,2324,100.0,24.55,14.7287
176,91,42.0011,0.84,100.0,445.0,549.43,1347.82,1127.7,3.91,5.71,138.65,2211.97,8322.99,1.02,41.92,130.33,2388.12,8086.8,9.3436,0.02,331,2212,100.0,10.93,6.3754
176,92,25.0005,0.62,60.0,462.54,536.69,1250.19,1036.92,7.05,9.02,176.33,1915.41,8016.45,0.94,36.56,164.76,2028.29,7871.83,10.8517,0.02,307,1915,84.93,14.2,8.6048
176,93,24.9993,0.6206,60.0,462.54,536.8,1260.8,1038.37,7.05,9.03,175.37,1915.38,8005.83,0.94,36.47,164.55,2028.3,7875.08,10.8708,0.02,306,1915,84.93,14.21,8.5065
176,94,9.9986,0.25,100.0,489.05,604.19,1493.16,1297.6,10.52,15.49,395.13,2318.82,8782.48,1.26,45.09,371.97,2388.03,8135.02,8.6284,0.03,368,2319,100.0,28.69,17.2515
176,95,10.0026,0.25,100.0,489.05,604.47,1490.2,1300.45,10.52,15.49,394.61,2318.81,8785.66,1.26,45.32,371.46,2388.04,8138.54,8.6161,0.03,368,2319,100.0,28.76,17.1073
176,96,10.0059,0.2506,100.0,489.05,604.54,1501.55,1303.88,10.52,15.49,395.11,2318.84,8784.51,1.26,45.29,371.53,2388.02,8134.62,8.6123,0.03,368,2319,100.0,28.86,17.1929
176,97,35.0012,0.84,100.0,449.44,555.74,1364.36,1123.29,5.48,8.0,194.58,2223.02,8354.13,1.02,41.46,183.27,2388.1,8073.51,9.3052,0.02,333,2223,100.0,14.82,8.9766
176,98,19.999,0.7018,100.0,491.19,607.03,1482.02,1237.36,9.35,13.65,334.66,2323.97,8728.14,1.08,43.94,315.1,2388.1,8066.47,9.1822,0.02,364,2324,100.0,24.64,14.7506
176,99,42.0005,0.8417,100.0,445.0,548.77,1346.6,1121.39,3.91,5.71,139.12,2212.0,8324.59,1.02,41.97,131.12,2388.1,8085.74,9.357,0.02,331,2212,100.0,10.62,6.4075
176,100,42.0007,0.8414,100.0,445.0,549.17,1350.96,1111.14,3.91,5.71,138.89,2212.09,8326.72,1.02,41.79,130.55,2388.12,8090.19,9.3153,0.02,330,2212,100.0,10.58,6.479
176,101,24.9996,0.62,60.0,462.54,537.03,1251.87,1044.16,7.05,9.03,175.96,1915.41,8016.88,0.94,36.37,165.2,2028.31,7876.66,10.8495,0.02,308,1915,84.93,14.42,8.6541
176,102,25.0037,0.6208,60.0,462.54,536.52,1257.66,1039.07,7.05,9.03,174.95,1915.42,8009.77,0.94,36.44,164.95,2028.32,7879.76,10.8473,0.02,306,1915,84.93,14.44,8.4919
176,103,0.0006,0.0,100.0,518.67,641.72,1592.88,1405.17,14.62,21.61,554.7,2388.02,9058.69,1.3,47.3,522.33,2388.01,8137.23,8.3847,0.03,391,2388,100.0,39.15,23.398
176,104,0.0019,0.0018,100.0,518.67,642.53,1584.98,1404.72,14.62,21.61,554.34,2388.0,9058.56,1.3,47.27,522.54,2388.05,8142.78,8.3953,0.03,392,2388,100.0,38.98,23.3946
176,105,10.0066,0.2503,100.0,489.05,604.39,1497.54,1300.92,10.52,15.49,395.32,2318.82,8783.53,1.26,45.29,372.14,2388.07,8137.79,8.5935,0.03,371,2319,100.0,28.54,17.1498
176,106,0.0008,0.0,100.0,518.67,642.59,1578.65,1397.96,14.62,21.6,555.11,2388.05,9064.84,1.3,47.26,522.51,2388.05,8139.84,8.3833,0.03,391,2388,100.0,38.96,23.2828
176,107,19.999,0.7008,100.0,491.19,606.89,1478.75,1242.05,9.35,13.65,334.69,2323.93,8725.53,1.08,44.25,315.44,2388.06,8063.04,9.2097,0.02,365,2324,100.0,24.65,14.7988
176,108,25.0074,0.6218,60.0,462.54,536.58,1261.7,1037.36,7.05,9.02,174.4,1915.46,8016.94,0.94,36.5,164.56,2028.3,7875.86,10.8566,0.02,306,1915,84.93,14.37,8.536
176,109,24.9999,0.6208,60.0,462.54,536.9,1260.42,1035.12,7.05,9.03,175.7,1915.43,8015.25,0.94,36.37,164.91,2028.41,7882.42,10.8715,0.02,305,1915,84.93,14.39,8.5017
176,110,41.9991,0.84,100.0,445.0,548.96,1346.76,1123.47,3.91,5.71,139.12,2212.06,8326.53,1.02,41.96,131.13,2388.17,8092.84,9.3578,0.02,332,2212,100.0,10.62,6.3752
176,111,20.0013,0.7,100.0,491.19,607.3,1478.84,1243.59,9.35,13.65,334.81,2323.94,8723.42,1.08,44.09,315.23,2388.05,8068.32,9.1831,0.02,363,2324,100.0,24.71,14.7389
176,112,42.0016,0.84,100.0,445.0,549.41,1352.45,1119.78,3.91,5.72,138.46,2212.06,8321.16,1.02,41.87,130.66,2388.09,8090.12,9.347,0.02,330,2212,100.0,10.73,6.4102
176,113,20.0022,0.7,100.0,491.19,607.53,1485.88,1243.25,9.35,13.65,335.22,2324.0,8726.51,1.08,44.11,315.59,2388.05,8063.92,9.2165,0.02,363,2324,100.0,24.44,14.7362
176,114,0.003,0.0008,100.0,518.67,642.43,1587.27,1390.39,14.62,21.61,554.13,2388.02,9065.16,1.3,47.32,522.13,2388.02,8141.65,8.3943,0.03,393,2388,100.0,38.83,23.3572
176,115,0.0025,0.0,100.0,518.67,642.55,1593.87,1395.5,14.62,21.61,554.02,2388.0,9061.6,1.3,47.26,522.55,2388.03,8143.5,8.3852,0.03,392,2388,100.0,39.23,23.4201
176,116,20.0019,0.7,100.0,491.19,606.78,1478.76,1247.62,9.35,13.65,335.25,2323.94,8728.77,1.08,44.27,315.39,2388.05,8069.46,9.2006,0.02,365,2324,100.0,24.45,14.7331
176,117,42.0058,0.8402,100.0,445.0,549.33,1351.24,1122.67,3.91,5.72,139.81,2212.03,8324.58,1.02,41.97,130.52,2388.2,8089.02,9.3051,0.02,329,2212,100.0,10.55,6.4121
176,118,25.0012,0.6211,60.0,462.54,536.91,1261.48,1045.91,7.05,9.02,174.82,1915.39,8014.48,0.94,36.66,164.29,2028.31,7879.37,10.866,0.02,307,1915,84.93,14.4,8.5818
176,119,0.0015,0.0,100.0,518.67,641.78,1579.21,1399.84,14.62,21.61,553.53,2388.01,9060.22,1.3,47.35,522.02,2388.03,8144.01,8.3703,0.03,391,2388,100.0,39.07,23.2092
176,120,41.9987,0.84,100.0,445.0,549.05,1359.13,1113.68,3.91,5.71,138.87,2212.1,8327.44,1.02,41.9,130.49,2388.16,8091.39,9.3308,0.02,329,2212,100.0,10.72,6.4111
176,121,34.9993,0.8416,100.0,449.44,555.8,1357.85,1126.6,5.48,8.0,194.14,2223.05,8359.54,1.02,41.88,183.08,2388.09,8075.79,9.3052,0.02,332,2223,100.0,14.82,8.957
176,122,0.0006,0.0,100.0,518.67,642.9,1583.65,1395.41,14.62,21.61,553.91,2388.03,9070.94,1.3,47.3,522.54,2388.0,8148.9,8.3719,0.03,393,2388,100.0,38.9,23.3691
176,123,0.0005,0.0002,100.0,518.67,641.93,1586.03,1402.96,14.62,21.61,553.82,2388.04,9066.96,1.3,47.4,522.03,2388.02,8140.6,8.3835,0.03,392,2388,100.0,38.93,23.3548
176,124,24.9993,0.6216,60.0,462.54,536.66,1257.38,1048.3,7.05,9.03,175.39,1915.4,8011.43,0.94,36.5,164.93,2028.32,7876.86,10.8729,0.02,308,1915,84.93,14.46,8.5336
176,125,10.0071,0.25,100.0,489.05,604.67,1497.47,1298.96,10.52,15.49,394.87,2318.85,8786.01,1.26,45.34,371.72,2388.1,8142.87,8.6221,0.03,369,2319,100.0,28.79,17.1495
176,126,42.0064,0.8401,100.0,445.0,549.93,1344.84,1123.03,3.91,5.72,138.96,2212.04,8320.84,1.02,41.9,130.68,2388.14,8089.12,9.3575,0.02,331,2212,100.0,10.74,6.4013
176,127,42.0076,0.8403,100.0,445.0,549.82,1353.27,1115.79,3.91,5.71,138.29,2212.01,8325.54,1.02,41.95,131.12,2388.12,8089.98,9.3497,0.02,329,2212,100.0,10.5,6.3145
176,128,42.0027,0.84,100.0,445.0,549.73,1353.37,1126.46,3.91,5.71,138.5,2212.1,8330.89,1.02,41.92,130.29,2388.13,8091.9,9.3473,0.02,331,2212,100.0,10.7,6.4144
176,129,42.0068,0.84,100.0,445.0,549.4,1350.68,1123.74,3.91,5.72,138.62,2212.05,8328.7,1.02,41.9,131.04,2388.16,8090.99,9.3507,0.02,330,2212,100.0,10.58,6.3333
176,130,25.0006,0.6209,60.0,462.54,536.55,1260.09,1044.1,7.05,9.03,175.65,1915.45,8018.02,0.94,36.44,165.07,2028.35,7878.08,10.8445,0.02,308,1915,84.93,14.34,8.5553
176,131,10.0064,0.2515,100.0,489.05,604.35,1497.85,1305.64,10.52,15.49,395.93,2318.86,8789.52,1.26,45.34,371.91,2388.05,8143.14,8.6448,0.03,369,2319,100.0,28.61,17.2143
176,132,41.9996,0.84,100.0,445.0,550.1,1349.05,1122.66,3.91,5.71,138.35,2212.02,8320.3,1.02,41.95,130.7,2388.18,8091.05,9.3255,0.02,330,2212,100.0,10.76,6.3877
176,133,35.0041,0.8417,100.0,449.44,555.35,1365.84,1127.7,5.48,8.0,194.47,2223.08,8358.28,1.02,41.79,183.45,2388.16,8075.74,9.3264,0.02,334,2223,100.0,14.84,8.8276
176,134,0.0025,0.001,100.0,518.67,642.29,1582.86,1401.57,14.62,21.6,554.67,2388.01,9064.18,1.3,47.41,522.31,2388.03,8145.36,8.4272,0.03,394,2388,100.0,39.08,23.3991
176,135,0.0003,0.0,100.0,518.67,642.77,1581.08,1405.58,14.62,21.61,553.97,2388.06,9064.73,1.3,47.35,521.63,2388.04,8144.08,8.4039,0.03,392,2388,100.0,38.87,23.2546
176,136,42.0027,0.8404,100.0,445.0,549.64,1349.79,1127.32,3.91,5.72,138.44,2212.01,8326.23,1.02,42.03,130.41,2388.15,8091.12,9.2975,0.02,330,2212,100.0,10.6,6.306
176,137,9.9997,0.25,100.0,489.05,603.96,1495.78,1296.81,10.52,15.49,395.05,2318.86,8790.92,1.26,45.47,371.32,2388.06,8139.89,8.6246,0.03,369,2319,100.0,28.57,17.1554
176,138,42.0042,0.8405,100.0,445.0,549.43,1348.94,1118.46,3.91,5.72,138.77,2212.07,8325.87,1.02,41.96,131.15,2388.12,8098.67,9.3401,0.02,330,2212,100.0,10.62,6.4309
176,139,42.0056,0.84,100.0,445.0,549.05,1352.99,1123.28,3.91,5.72,139.58,2212.03,8334.57,1.02,41.99,130.7,2388.16,8095.12,9.3846,0.02,332,2212,100.0,10.9,6.4152
176,140,35.0056,0.8404,100.0,449.44,555.27,1366.43,1121.59,5.48,8.0,195.53,2223.14,8359.29,1.03,41.79,183.21,2388.21,8082.58,9.3079,0.02,333,2223,100.0,14.91,8.924
176,141,19.9981,0.7,100.0,491.19,607.13,1481.48,1238.3,9.35,13.66,335.57,2324.0,8727.09,1.08,44.34,315.46,2388.15,8064.15,9.191,0.02,366,2324,100.0,24.56,14.7493
176,142,0.0014,0.0006,100.0,518.67,642.52,1588.43,1396.88,14.62,21.61,554.36,2388.03,9076.46,1.3,47.36,521.81,2388.02,8145.01,8.3902,0.03,392,2388,100.0,39.01,23.4278
176,143,24.999,0.6219,60.0,462.54,536.93,1265.36,1051.55,7.05,9.03,175.25,1915.49,8014.11,0.94,36.73,164.81,2028.41,7886.65,10.8616,0.02,305,1915,84.93,14.31,8.63
176,144,20.0045,0.7005,100.0,491.19,607.39,1480.91,1242.2,9.35,13.66,334.92,2324.03,8729.83,1.08,44.23,315.32,2388.17,8067.9,9.217,0.02,364,2324,100.0,24.62,14.7058
176,145,20.0046,0.7,100.0,491.19,607.31,1480.77,1245.22,9.35,13.66,334.92,2324.03,8735.8,1.08,44.23,314.91,2388.11,8074.81,9.2204,0.02,364,2324,100.0,24.65,14.6973
176,146,20.0013,0.7,100.0,491.19,606.98,1482.59,1244.24,9.35,13.65,335.04,2324.01,8736.99,1.08,44.34,315.04,2388.18,8070.85,9.234,0.02,364,2324,100.0,24.5,14.6698
176,147,41.9994,0.84,100.0,445.0,549.72,1355.76,1123.61,3.91,5.72,139.14,2212.12,8340.62,1.02,41.98,131.25,2388.16,8095.32,9.3314,0.02,331,2212,100.0,10.58,6.4016
176,148,20.0052,0.7016,100.0,491.19,607.18,1481.98,1245.36,9.35,13.66,335.07,2323.94,8733.42,1.08,44.16,315.0,2388.15,8076.66,9.2122,0.02,365,2324,100.0,24.38,14.674
176,149,25.0053,0.6208,60.0,462.54,536.38,1253.7,1042.73,7.05,9.03,174.35,1915.57,8015.73,0.94,36.68,164.62,2028.43,7886.13,10.9034,0.02,307,1915,84.93,14.46,8.5466
176,150,10.0011,0.25,100.0,489.05,604.56,1494.63,1308.63,10.52,15.49,394.26,2318.98,8790.27,1.26,45.29,371.54,2388.14,8144.71,8.6832,0.03,371,2319,100.0,28.68,17.0346
176,151,10.0078,0.25,100.0,489.05,604.66,1496.19,1309.35,10.52,15.49,394.95,2318.83,8795.7,1.26,45.49,371.66,2388.12,8141.76,8.6233,0.03,369,2319,100.0,28.42,17.3015
176,152,35.0038,0.84,100.0,449.44,555.63,1368.84,1131.94,5.48,8.0,194.0,2223.23,8355.06,1.02,41.95,183.41,2388.3,8078.39,9.2971,0.02,336,2223,100.0,14.92,9.0194
176,153,25.0007,0.6202,60.0,462.54,536.34,1262.43,1050.31,7.05,9.03,175.57,1915.63,8022.83,0.94,36.63,164.72,2028.53,7883.26,10.9428,0.02,307,1915,84.93,14.34,8.5397
176,154,20.0055,0.701,100.0,491.19,607.3,1482.85,1249.94,9.35,13.66,334.6,2323.98,8731.34,1.08,44.4,314.64,2388.21,8076.26,9.2335,0.02,366,2324,100.0,24.5,14.7953
176,155,25.0014,0.6215,60.0,462.54,537.02,1255.05,1044.27,7.05,9.03,175.75,1915.57,8019.16,0.94,36.71,164.61,2028.41,7884.65,10.8691,0.02,308,1915,84.93,14.23,8.5176
176,156,0.0017,0.0,100.0,518.67,641.94,1576.22,1411.28,14.62,21.61,554.27,2388.03,9075.95,1.3,47.39,521.97,2388.0,8148.57,8.4322,0.03,392,2388,100.0,38.94,23.3685
176,157,10.0064,0.2508,100.0,489.05,605.13,1501.51,1310.07,10.52,15.49,394.54,2318.91,8789.08,1.26,45.3,371.31,2388.09,8142.06,8.6167,0.03,369,2319,100.0,28.5,17.0913
176,158,0.0016,0.0,100.0,518.67,642.45,1589.1,1402.09,14.62,21.61,553.67,2388.07,9066.14,1.3,47.43,522.17,2388.06,8142.56,8.4583,0.03,393,2388,100.0,38.84,23.3162
176,159,10.0004,0.25,100.0,489.05,604.52,1490.48,1307.51,10.52,15.49,395.16,2318.9,8797.82,1.26,45.51,370.98,2388.12,8147.76,8.6558,0.03,368,2319,100.0,28.66,17.1018
176,160,42.0051,0.8409,100.0,445.0,549.57,1356.22,1125.26,3.91,5.71,139.06,2212.16,8341.04,1.02,42.0,130.57,2388.33,8101.66,9.3542,0.02,331,2212,100.0,10.75,6.4012
176,161,35.0055,0.8405,100.0,449.44,555.75,1365.67,1129.71,5.48,8.0,195.15,2223.27,8364.19,1.02,42.06,183.06,2388.41,8084.54,9.3384,0.02,336,2223,100.0,14.82,8.9508
176,162,24.9996,0.6204,60.0,462.54,536.7,1262.23,1049.58,7.05,9.03,176.01,1915.68,8024.22,0.94,36.5,164.19,2028.57,7890.74,10.9202,0.02,306,1915,84.93,14.18,8.6643
176,163,10.0042,0.25,100.0,489.05,604.8,1505.76,1303.94,10.52,15.49,394.27,2318.97,8795.91,1.26,45.35,371.21,2388.15,8146.33,8.6633,0.03,371,2319,100.0,28.38,17.1656
176,164,20.0015,0.7,100.0,491.19,608.04,1489.94,1248.11,9.35,13.66,334.04,2324.06,8740.34,1.07,44.47,314.51,2388.22,8078.44,9.2143,0.02,366,2324,100.0,24.52,14.6893
176,165,19.9985,0.7013,100.0,491.19,608.06,1481.84,1251.22,9.35,13.66,334.41,2324.08,8739.64,1.08,44.33,315.27,2388.22,8083.4,9.2558,0.02,366,2324,100.0,24.39,14.6932
176,166,42.0055,0.84,100.0,445.0,549.27,1353.59,1121.51,3.91,5.72,138.49,2212.27,8343.82,1.02,42.18,130.63,2388.35,8105.33,9.3715,0.02,331,2212,100.0,10.5,6.4157
176,167,19.9983,0.7012,100.0,491.19,607.91,1481.79,1250.08,9.35,13.66,335.18,2324.03,8739.63,1.07,44.19,315.22,2388.17,8078.54,9.2341,0.02,366,2324,100.0,24.48,14.641
176,168,42.003,0.84,100.0,445.0,549.75,1349.89,1127.35,3.91,5.72,138.22,2212.31,8344.57,1.02,41.84,130.4,2388.32,8107.81,9.3713,0.02,331,2212,100.0,10.68,6.4021
176,169,0.0003,0.0004,100.0,518.67,642.12,1593.61,1412.43,14.62,21.61,553.3,2388.09,9077.04,1.3,47.31,521.69,2388.11,8153.14,8.407,0.03,391,2388,100.0,38.77,23.3317
176,170,25.004,0.62,60.0,462.54,536.63,1261.47,1053.91,7.05,9.03,175.68,1915.63,8035.15,0.94,36.74,164.91,2028.57,7888.93,10.928,0.02,307,1915,84.93,14.21,8.5689
176,171,42.0064,0.8414,100.0,445.0,549.91,1354.4,1129.17,3.91,5.72,138.77,2212.27,8346.67,1.02,42.01,130.25,2388.44,8103.98,9.3828,0.02,331,2212,100.0,10.65,6.4425
176,172,10.0031,0.25,100.0,489.05,604.5,1510.24,1314.56,10.52,15.5,394.53,2318.92,8800.7,1.26,45.52,371.38,2388.13,8146.76,8.6354,0.03,369,2319,100.0,28.54,17.0691
176,173,35.0046,0.84,100.0,449.44,556.04,1373.47,1134.75,5.48,8.0,194.22,2223.35,8365.02,1.02,42.04,182.78,2388.49,8084.0,9.3511,0.02,335,2223,100.0,15.03,8.9001
176,174,35.0066,0.8402,100.0,449.44,555.67,1367.62,1129.68,5.48,8.0,195.1,2223.38,8375.04,1.02,41.95,182.55,2388.46,8093.09,9.3037,0.02,333,2223,100.0,14.71,8.9107
176,175,24.9998,0.6215,60.0,462.54,536.55,1267.09,1045.08,7.05,9.03,175.75,1915.73,8033.52,0.94,36.75,164.83,2028.68,7898.49,10.9409,0.02,307,1915,84.93,14.25,8.5507
176,176,42.0063,0.8407,100.0,445.0,549.79,1353.13,1126.63,3.91,5.72,138.99,2212.34,8349.82,1.02,42.18,130.59,2388.47,8104.86,9.3742,0.02,332,2212,100.0,10.5,6.4032
176,177,10.0015,0.25,100.0,489.05,605.5,1504.89,1304.18,10.52,15.49,394.37,2319.01,8800.54,1.26,45.53,371.27,2388.18,8155.17,8.6401,0.03,371,2319,100.0,28.57,17.0789
176,178,10.0071,0.2514,100.0,489.05,604.77,1499.36,1306.35,10.52,15.49,393.85,2318.93,8801.76,1.26,45.38,371.3,2388.16,8158.45,8.6567,0.03,368,2319,100.0,28.56,17.1523
176,179,42.0003,0.84,100.0,445.0,549.81,1355.4,1131.27,3.91,5.72,139.04,2212.33,8350.18,1.02,42.14,131.02,2388.49,8104.63,9.3367,0.02,330,2212,100.0,10.64,6.4745
176,180,35.006,0.8419,100.0,449.44,556.2,1374.84,1130.68,5.48,8.0,194.51,2223.36,8375.02,1.02,42.15,183.08,2388.48,8090.34,9.3558,0.02,334,2223,100.0,14.65,8.8139
176,181,10.0074,0.2513,100.0,489.05,605.1,1503.89,1309.7,10.52,15.5,394.63,2318.96,8812.78,1.26,45.64,371.75,2388.16,8154.82,8.6393,0.03,368,2319,100.0,28.52,17.1083
176,182,24.9999,0.6206,60.0,462.54,536.97,1256.48,1053.34,7.05,9.03,175.9,1915.77,8036.45,0.94,36.72,164.11,2028.75,7900.74,10.9259,0.02,308,1915,84.93,14.4,8.5183
176,183,42.0001,0.8412,100.0,445.0,549.84,1357.01,1128.16,3.91,5.72,138.65,2212.44,8353.82,1.02,42.11,130.07,2388.56,8110.38,9.3655,0.02,332,2212,100.0,10.59,6.3743
176,184,35.0064,0.84,100.0,449.44,555.64,1370.95,1130.41,5.48,8.0,194.86,2223.46,8379.68,1.02,41.91,182.74,2388.59,8097.69,9.3372,0.02,333,2223,100.0,14.75,8.8234
176,185,19.9991,0.7,100.0,491.19,607.13,1489.79,1253.01,9.35,13.66,334.28,2324.23,8753.0,1.08,44.54,314.81,2388.31,8088.27,9.298,0.02,366,2324,100.0,24.34,14.6525
176,186,35.0061,0.841,100.0,449.44,556.15,1369.62,1136.84,5.48,8.0,194.51,2223.5,8390.33,1.03,41.96,183.08,2388.63,8098.88,9.3028,0.02,335,2223,100.0,14.92,8.9761
176,187,35.0008,0.84,100.0,449.44,555.95,1365.84,1134.53,5.48,8.01,194.22,2223.5,8374.92,1.02,41.96,183.0,2388.58,8100.35,9.3125,0.02,334,2223,100.0,14.74,8.8661
176,188,10.006,0.2506,100.0,489.05,605.02,1508.03,1321.29,10.52,15.5,394.49,2319.03,8810.4,1.26,45.49,371.39,2388.2,8156.32,8.6928,0.03,370,2319,100.0,28.51,17.0544
176,189,25.0023,0.6219,60.0,462.54,537.41,1259.75,1051.93,7.05,9.03,175.63,1915.83,8031.29,0.94,36.6,164.77,2028.75,7893.1,10.9464,0.02,308,1915,84.93,14.23,8.5293
176,190,24.9983,0.6214,60.0,462.54,537.09,1258.07,1050.39,7.05,9.03,174.91,1915.83,8039.3,0.94,37.03,164.38,2028.78,7901.18,10.9668,0.02,307,1915,84.93,14.22,8.5191
176,191,35.002,0.84,100.0,449.44,556.49,1370.44,1135.5,5.48,8.0,194.46,2223.45,8384.18,1.02,42.16,183.65,2388.69,8099.98,9.3139,0.02,334,2223,100.0,14.83,8.805
176,192,0.0009,0.001,100.0,518.67,642.88,1597.36,1412.07,14.62,21.61,553.18,2388.11,9092.17,1.3,47.78,520.81,2388.09,8164.91,8.443,0.03,394,2388,100.0,38.55,23.1841
176,193,42.0061,0.8406,100.0,445.0,549.69,1355.94,1138.96,3.91,5.72,139.12,2212.55,8363.55,1.02,42.36,130.4,2388.66,8118.55,9.3544,0.02,333,2212,100.0,10.73,6.3851
176,194,0.0024,0.0,100.0,518.67,642.31,1594.92,1413.39,14.62,21.61,552.99,2388.13,9097.21,1.3,47.81,520.71,2388.09,8167.33,8.4655,0.03,396,2388,100.0,38.8,23.2413
176,195,42.0068,0.8403,100.0,445.0,550.04,1361.08,1136.29,3.91,5.72,138.84,2212.56,8364.16,1.02,42.34,131.16,2388.68,8119.21,9.3861,0.02,333,2212,100.0,10.6,6.3463
176,196,35.0073,0.8415,100.0,449.44,556.18,1371.82,1141.05,5.48,8.0,194.62,2223.56,8378.38,1.02,42.14,183.6,2388.69,8099.98,9.3284,0.02,335,2223,100.0,14.83,8.7933
176,197,24.9989,0.6205,60.0,462.54,537.13,1271.86,1055.94,7.05,9.03,175.33,1915.93,8039.94,0.94,36.88,164.25,2028.84,7905.68,10.9489,0.02,307,1915,84.93,14.32,8.4959
176,198,20.004,0.7015,100.0,491.19,607.54,1492.99,1266.36,9.35,13.66,334.02,2324.3,8765.35,1.07,44.48,314.21,2388.42,8100.2,9.2464,0.03,367,2324,100.0,24.21,14.651
176,199,0.0013,0.0,100.0,518.67,643.44,1593.61,1417.44,14.62,21.61,552.65,2388.09,9102.91,1.3,47.88,520.73,2388.08,8172.16,8.4767,0.03,395,2388,100.0,38.59,23.2123
176,200,35.0056,0.84,100.0,449.44,556.19,1377.74,1135.82,5.48,8.01,193.92,2223.65,8386.8,1.02,41.87,182.71,2388.83,8106.74,9.3953,0.02,335,2223,100.0,14.77,8.9331
177,1,0.0,0.0014,100.0,518.67,643.07,1584.67,1409.77,14.62,21.61,553.45,2388.08,9046.31,1.3,47.46,521.75,2388.09,8124.19,8.4183,0.03,393,2388,100.0,38.75,23.2227
177,2,25.0073,0.6202,60.0,462.54,536.67,1258.41,1040.92,7.05,9.03,175.45,1915.22,7999.84,0.94,36.68,164.46,2028.12,7865.93,10.9178,0.02,305,1915,84.93,14.36,8.5131
177,3,20.0007,0.7,100.0,491.19,607.17,1477.94,1254.61,9.35,13.66,334.86,2323.97,8716.53,1.08,44.35,314.85,2388.07,8050.63,9.2448,0.02,367,2324,100.0,24.62,14.6541
177,4,34.9996,0.842,100.0,449.44,555.84,1363.2,1135.46,5.48,8.0,194.54,2222.79,8344.81,1.02,42.07,182.82,2387.81,8057.05,9.3447,0.02,331,2223,100.0,14.75,8.8488
177,5,25.0023,0.62,60.0,462.54,536.59,1258.5,1049.37,7.05,9.02,175.28,1915.17,8003.05,0.94,36.68,164.62,2028.02,7866.26,10.899,0.02,307,1915,84.93,14.32,8.4816
177,6,42.0037,0.8413,100.0,445.0,549.65,1350.77,1130.82,3.91,5.71,139.7,2211.7,8309.03,1.02,42.02,129.89,2387.75,8078.55,9.3335,0.02,331,2212,100.0,10.48,6.4166
177,7,10.0072,0.25,100.0,489.05,604.54,1501.85,1305.46,10.52,15.49,394.79,2318.94,8763.21,1.26,45.46,371.15,2388.14,8116.75,8.6235,0.03,368,2319,100.0,28.63,17.1251
177,8,20.0048,0.7006,100.0,491.19,608.0,1486.47,1240.19,9.35,13.65,334.9,2323.95,8713.95,1.08,44.27,314.84,2388.02,8048.02,9.2787,0.02,367,2324,100.0,24.15,14.7884
177,9,35.0035,0.8413,100.0,449.44,555.15,1367.03,1127.65,5.48,8.0,194.48,2222.77,8350.12,1.02,42.05,182.51,2387.82,8065.01,9.3193,0.02,334,2223,100.0,14.64,8.8216
177,10,42.0016,0.84,100.0,445.0,550.05,1352.71,1121.56,3.91,5.71,138.72,2211.65,8311.06,1.02,42.13,130.7,2387.78,8071.96,9.3429,0.02,330,2212,100.0,10.8,6.4055
177,11,9.9993,0.25,100.0,489.05,605.04,1496.76,1311.95,10.52,15.49,393.72,2318.92,8775.0,1.26,45.34,371.83,2388.14,8120.0,8.6122,0.03,370,2319,100.0,28.51,17.1478
177,12,20.0022,0.7,100.0,491.19,607.64,1491.17,1255.34,9.35,13.66,334.21,2323.93,8718.76,1.08,44.47,314.58,2388.04,8049.09,9.2414,0.02,364,2324,100.0,24.32,14.6697
177,13,10.002,0.2505,100.0,489.05,604.41,1503.4,1310.63,10.52,15.5,394.65,2318.94,8768.26,1.26,45.39,371.72,2388.17,8118.78,8.6904,0.03,370,2319,100.0,28.36,17.0665
177,14,35.0001,0.8411,100.0,449.44,555.89,1358.69,1130.48,5.48,8.0,193.45,2222.7,8336.36,1.02,41.94,183.49,2387.79,8055.56,9.3321,0.02,332,2223,100.0,14.91,8.8903
177,15,42.0043,0.84,100.0,445.0,549.39,1352.47,1125.98,3.91,5.72,138.5,2211.74,8315.51,1.02,42.17,130.45,2387.76,8074.27,9.3705,0.02,332,2212,100.0,10.54,6.3862
177,16,20.0024,0.7,100.0,491.19,607.2,1476.89,1253.48,9.35,13.65,334.45,2323.95,8717.19,1.08,44.19,315.15,2388.07,8051.73,9.238,0.02,366,2324,100.0,24.36,14.7886
177,17,42.0052,0.84,100.0,445.0,549.33,1344.16,1128.24,3.91,5.71,138.33,2211.62,8315.62,1.02,42.05,130.56,2387.71,8071.18,9.3743,0.02,331,2212,100.0,10.74,6.3092
177,18,35.0052,0.84,100.0,449.44,555.17,1360.73,1133.37,5.48,8.0,194.89,2222.74,8338.98,1.02,41.82,183.21,2387.82,8056.04,9.3036,0.02,335,2223,100.0,14.72,8.9316
177,19,19.9999,0.7019,100.0,491.19,608.29,1479.3,1248.12,9.35,13.65,334.58,2323.94,8708.02,1.08,44.36,314.75,2388.03,8044.46,9.2105,0.02,365,2324,100.0,24.35,14.6321
177,20,9.9995,0.25,100.0,489.05,604.84,1506.87,1308.36,10.52,15.5,394.35,2318.92,8768.3,1.26,45.53,371.76,2388.15,8121.27,8.6596,0.03,370,2319,100.0,28.64,17.1656
177,21,20.0009,0.7009,100.0,491.19,607.69,1476.29,1252.9,9.35,13.66,334.6,2323.91,8713.93,1.08,44.24,314.74,2388.03,8051.92,9.2084,0.02,366,2324,100.0,24.5,14.6424
177,22,10.0006,0.25,100.0,489.05,604.49,1500.39,1315.09,10.52,15.49,394.03,2318.96,8767.88,1.26,45.43,371.87,2388.17,8112.67,8.6668,0.03,369,2319,100.0,28.4,17.1004
177,23,24.9992,0.6216,60.0,462.54,536.7,1261.66,1047.94,7.05,9.02,175.22,1915.21,8000.07,0.94,36.58,164.23,2028.11,7866.47,10.8981,0.02,307,1915,84.93,14.25,8.5959
177,24,42.0012,0.8403,100.0,445.0,549.73,1351.2,1121.03,3.91,5.71,138.52,2211.69,8313.37,1.02,42.14,130.27,2387.78,8075.01,9.3591,0.02,330,2212,100.0,10.46,6.2979
177,25,10.0069,0.2518,100.0,489.05,604.54,1493.42,1307.09,10.52,15.49,394.37,2318.97,8770.68,1.26,45.59,372.03,2388.12,8119.59,8.68,0.03,370,2319,100.0,28.61,17.1831
177,26,10.008,0.2515,100.0,489.05,605.07,1502.75,1305.17,10.52,15.49,393.74,2318.95,8767.43,1.26,45.38,371.22,2388.15,8120.74,8.6643,0.03,370,2319,100.0,28.48,17.1968
177,27,42.0007,0.8401,100.0,445.0,549.76,1358.96,1127.78,3.91,5.71,137.37,2211.69,8309.33,1.02,42.17,130.6,2387.76,8073.19,9.3315,0.02,329,2212,100.0,10.54,6.3192
177,28,9.9999,0.2519,100.0,489.05,604.71,1502.84,1305.81,10.52,15.49,394.64,2318.93,8776.78,1.26,45.4,372.01,2388.14,8120.56,8.6503,0.03,368,2319,100.0,28.61,17.185
177,29,25.0036,0.62,60.0,462.54,536.43,1255.93,1049.27,7.05,9.03,175.47,1915.19,8002.69,0.94,36.85,164.66,2028.1,7867.64,10.9036,0.02,308,1915,84.93,14.26,8.5215
177,30,24.9999,0.62,60.0,462.54,537.25,1265.2,1049.86,7.05,9.03,175.06,1915.23,7996.08,0.94,36.83,164.35,2028.08,7866.5,10.8816,0.02,308,1915,84.93,14.19,8.5722
177,31,20.0,0.7013,100.0,491.19,607.61,1488.04,1252.16,9.35,13.66,334.59,2323.93,8709.19,1.08,44.44,315.05,2388.08,8052.07,9.2606,0.02,365,2324,100.0,24.4,14.7351
177,32,19.9988,0.7014,100.0,491.19,607.34,1487.61,1249.72,9.35,13.66,334.57,2323.92,8710.0,1.08,44.57,314.38,2388.09,8053.3,9.2487,0.02,365,2324,100.0,24.3,14.6461
177,33,35.0,0.8409,100.0,449.44,555.92,1367.43,1136.37,5.48,8.0,195.0,2222.82,8342.7,1.02,41.92,182.92,2387.88,8055.21,9.3172,0.02,333,2223,100.0,14.84,8.941
177,34,35.0014,0.8412,100.0,449.44,555.96,1359.99,1136.55,5.48,8.0,194.57,2222.8,8332.12,1.02,41.85,183.68,2387.9,8058.35,9.3446,0.02,333,2223,100.0,14.9,8.8081
177,35,0.0015,0.0,100.0,518.67,642.96,1598.74,1400.94,14.62,21.61,553.19,2388.08,9046.93,1.3,47.54,521.29,2388.13,8128.0,8.4656,0.03,393,2388,100.0,38.8,23.2411
177,36,25.0076,0.62,60.0,462.54,537.09,1254.66,1053.17,7.05,9.02,176.03,1915.19,7995.39,0.94,36.71,164.78,2028.1,7865.68,10.9159,0.02,309,1915,84.93,14.33,8.5581
177,37,0.0022,0.0017,100.0,518.67,642.91,1588.54,1395.26,14.62,21.61,553.46,2388.15,9040.44,1.3,47.6,521.29,2388.06,8126.94,8.4307,0.03,394,2388,100.0,38.94,23.304
177,38,35.0073,0.84,100.0,449.44,555.64,1358.6,1129.6,5.48,8.0,194.84,2222.73,8342.01,1.02,41.93,183.55,2387.84,8052.54,9.3161,0.02,334,2223,100.0,14.78,8.929
177,39,0.0014,0.0014,100.0,518.67,642.48,1584.9,1408.51,14.62,21.61,553.89,2388.13,9043.33,1.3,47.39,521.43,2388.19,8121.19,8.4427,0.03,391,2388,100.0,38.71,23.3021
177,40,0.0012,0.0,100.0,518.67,642.74,1588.21,1415.65,14.62,21.61,553.39,2388.09,9034.87,1.3,47.48,521.56,2388.13,8125.48,8.4445,0.03,394,2388,100.0,38.69,23.2427
177,41,10.0063,0.25,100.0,489.05,605.75,1502.82,1307.94,10.52,15.5,395.3,2318.95,8768.06,1.26,45.52,371.96,2388.18,8120.46,8.6321,0.03,369,2319,100.0,28.35,17.065
177,42,25.0008,0.62,60.0,462.54,536.33,1254.83,1051.42,7.05,9.02,175.32,1915.21,8002.25,0.94,36.64,165.06,2028.1,7867.94,10.9047,0.02,307,1915,84.93,14.28,8.5119
177,43,0.0003,0.0,100.0,518.67,643.01,1590.21,1400.22,14.62,21.61,554.42,2388.09,9046.83,1.3,47.54,521.66,2388.11,8125.24,8.4123,0.03,394,2388,100.0,38.94,23.2773
177,44,20.0054,0.7002,100.0,491.19,607.73,1485.83,1259.72,9.35,13.65,334.91,2323.9,8711.77,1.07,44.42,315.14,2388.06,8052.35,9.2022,0.02,365,2324,100.0,24.43,14.6418
177,45,20.0029,0.7009,100.0,491.19,607.77,1487.59,1251.12,9.35,13.66,334.22,2323.94,8711.98,1.08,44.6,315.29,2388.06,8054.71,9.2558,0.02,364,2324,100.0,24.31,14.7715
177,46,0.0009,0.0,100.0,518.67,642.63,1591.78,1405.3,14.62,21.61,553.76,2388.1,9051.76,1.3,47.64,521.48,2388.12,8121.92,8.4172,0.03,392,2388,100.0,38.79,23.3199
177,47,42.0073,0.84,100.0,445.0,549.24,1349.85,1125.55,3.91,5.71,139.02,2211.74,8315.63,1.02,42.04,130.94,2387.83,8074.99,9.3801,0.02,330,2212,100.0,10.68,6.321
177,48,42.0028,0.84,100.0,445.0,549.47,1355.74,1119.24,3.91,5.71,139.19,2211.72,8311.14,1.02,42.11,130.69,2387.76,8072.71,9.3815,0.02,331,2212,100.0,10.52,6.3051
177,49,35.0032,0.84,100.0,449.44,555.7,1371.76,1134.06,5.48,8.0,194.43,2222.8,8334.8,1.02,41.94,182.99,2387.88,8061.67,9.3744,0.02,334,2223,100.0,14.81,8.9395
177,50,20.0006,0.7,100.0,491.19,607.56,1491.2,1250.73,9.35,13.66,334.37,2324.0,8710.33,1.08,44.55,314.95,2388.07,8049.26,9.2372,0.02,366,2324,100.0,24.39,14.6682
177,51,20.0002,0.702,100.0,491.19,607.46,1478.42,1247.66,9.35,13.65,334.41,2323.98,8721.85,1.08,44.38,314.34,2388.06,8053.81,9.2282,0.02,365,2324,100.0,24.39,14.6854
177,52,42.0018,0.84,100.0,445.0,549.23,1348.53,1129.42,3.91,5.71,138.78,2211.65,8308.08,1.02,42.37,129.8,2387.75,8069.07,9.3779,0.02,332,2212,100.0,10.7,6.2675
177,53,10.0055,0.2504,100.0,489.05,604.6,1498.51,1304.52,10.52,15.49,394.74,2318.98,8782.75,1.26,45.46,371.25,2388.17,8127.26,8.6776,0.03,369,2319,100.0,28.6,17.0267
177,54,35.0002,0.841,100.0,449.44,556.07,1363.96,1134.32,5.48,8.0,195.03,2222.76,8335.37,1.02,42.04,182.87,2387.92,8059.69,9.329,0.02,334,2223,100.0,14.88,9.0106
177,55,0.0015,0.0,100.0,518.67,642.69,1587.8,1403.36,14.62,21.61,554.24,2388.08,9046.21,1.3,47.48,521.33,2388.12,8128.42,8.3883,0.03,394,2388,100.0,38.89,23.2432
177,56,0.0026,0.0,100.0,518.67,642.83,1596.54,1409.99,14.62,21.61,553.34,2388.06,9045.54,1.3,47.65,521.76,2388.13,8126.32,8.4148,0.03,392,2388,100.0,38.86,23.2494
177,57,42.0061,0.84,100.0,445.0,549.42,1352.65,1127.93,3.91,5.71,138.29,2211.71,8317.54,1.02,42.01,130.48,2387.83,8073.12,9.3974,0.02,330,2212,100.0,10.43,6.3481
177,58,35.0013,0.84,100.0,449.44,555.76,1369.99,1133.73,5.48,8.0,194.37,2222.75,8346.97,1.02,42.04,183.12,2387.9,8061.92,9.3566,0.02,333,2223,100.0,14.57,8.8231
177,59,20.0025,0.7002,100.0,491.19,607.19,1485.6,1259.49,9.35,13.66,334.44,2323.99,8719.25,1.08,44.3,315.11,2388.09,8052.24,9.198,0.02,367,2324,100.0,24.42,14.6549
177,60,25.004,0.62,60.0,462.54,537.02,1262.87,1051.44,7.05,9.03,175.49,1915.18,8007.27,0.94,36.99,163.65,2028.07,7866.0,10.892,0.02,308,1915,84.93,14.46,8.7168
177,61,42.0002,0.84,100.0,445.0,549.73,1350.77,1119.06,3.91,5.71,137.66,2211.72,8318.13,1.02,42.14,130.65,2387.79,8076.83,9.3983,0.02,331,2212,100.0,10.7,6.3469
177,62,42.0025,0.84,100.0,445.0,549.17,1350.24,1124.35,3.91,5.72,138.65,2211.69,8312.44,1.02,42.19,130.67,2387.87,8073.19,9.3656,0.02,330,2212,100.0,10.71,6.2585
177,63,0.0005,0.0,100.0,518.67,642.75,1589.83,1404.29,14.62,21.61,553.7,2388.13,9048.04,1.3,47.66,521.32,2388.08,8130.26,8.4284,0.03,394,2388,100.0,38.71,23.459
177,64,0.0017,0.0,100.0,518.67,642.0,1592.54,1415.3,14.62,21.61,552.42,2388.14,9052.49,1.3,47.22,521.21,2388.07,8128.6,8.4249,0.03,393,2388,100.0,39.03,23.2588
177,65,20.0027,0.7,100.0,491.19,607.9,1483.61,1256.21,9.35,13.66,334.55,2323.94,8715.81,1.08,44.36,314.95,2388.03,8057.53,9.2473,0.02,364,2324,100.0,24.55,14.6052
177,66,42.0054,0.84,100.0,445.0,549.56,1352.26,1127.78,3.91,5.72,138.52,2211.7,8317.33,1.02,42.14,130.67,2387.78,8075.54,9.3489,0.02,330,2212,100.0,10.54,6.3557
177,67,20.0046,0.7,100.0,491.19,607.27,1489.77,1260.73,9.35,13.66,334.75,2323.9,8717.48,1.07,44.4,315.33,2388.09,8056.88,9.2685,0.02,366,2324,100.0,24.43,14.6387
177,68,42.0011,0.8402,100.0,445.0,549.46,1347.14,1126.75,3.91,5.71,138.77,2211.74,8306.6,1.02,42.1,130.11,2387.74,8080.93,9.3707,0.02,330,2212,100.0,10.72,6.4315
177,69,42.0038,0.8401,100.0,445.0,549.47,1347.71,1126.11,3.91,5.71,138.49,2211.77,8317.03,1.02,42.17,130.96,2387.78,8075.56,9.3612,0.02,330,2212,100.0,10.61,6.3301
177,70,0.0027,0.0009,100.0,518.67,642.61,1594.24,1410.75,14.62,21.61,552.81,2388.09,9051.28,1.3,47.56,521.28,2388.12,8129.85,8.4382,0.03,393,2388,100.0,39.01,23.2605
177,71,0.001,0.0009,100.0,518.67,643.14,1587.13,1417.57,14.62,21.61,552.81,2388.11,9049.66,1.3,47.32,521.59,2388.09,8130.54,8.4364,0.03,392,2388,100.0,38.91,23.2611
177,72,9.9997,0.25,100.0,489.05,605.03,1504.1,1310.59,10.52,15.49,394.53,2318.93,8774.07,1.26,45.6,371.06,2388.2,8127.44,8.6554,0.03,369,2319,100.0,28.52,17.0574
177,73,41.9989,0.84,100.0,445.0,549.62,1353.49,1126.45,3.91,5.72,138.57,2211.74,8318.11,1.02,42.21,130.61,2387.76,8078.91,9.3609,0.02,331,2212,100.0,10.52,6.3734
177,74,41.9993,0.8404,100.0,445.0,549.76,1355.92,1130.14,3.91,5.72,138.42,2211.77,8317.9,1.02,42.17,130.81,2387.83,8075.72,9.3608,0.02,331,2212,100.0,10.68,6.3325
177,75,10.0039,0.2504,100.0,489.05,605.18,1500.34,1310.67,10.52,15.5,393.84,2318.98,8779.91,1.26,45.46,371.51,2388.19,8121.92,8.6597,0.03,370,2319,100.0,28.44,17.0807
177,76,20.0007,0.7,100.0,491.19,608.16,1484.59,1251.01,9.35,13.66,334.54,2324.01,8722.16,1.08,44.37,314.88,2388.13,8051.6,9.2176,0.02,365,2324,100.0,24.41,14.6518
177,77,25.0076,0.621,60.0,462.54,537.13,1263.72,1052.33,7.05,9.02,175.94,1915.32,8005.27,0.94,36.66,164.55,2028.14,7865.39,10.9134,0.02,305,1915,84.93,14.28,8.5365
177,78,25.0025,0.62,60.0,462.54,536.79,1261.74,1050.83,7.05,9.03,175.25,1915.24,8009.92,0.94,36.7,164.57,2028.17,7869.92,10.9028,0.02,309,1915,84.93,14.32,8.5118
177,79,35.0077,0.8416,100.0,449.44,555.45,1371.26,1127.03,5.48,8.0,194.38,2222.85,8345.46,1.02,42.07,183.3,2387.92,8068.1,9.3275,0.02,334,2223,100.0,14.9,8.8568
177,80,41.9991,0.8419,100.0,445.0,550.24,1363.13,1124.42,3.91,5.71,139.15,2211.71,8318.17,1.02,42.05,130.35,2387.84,8079.86,9.3813,0.02,332,2212,100.0,10.52,6.3092
177,81,42.0071,0.84,100.0,445.0,549.94,1351.0,1125.42,3.91,5.72,138.18,2211.83,8324.05,1.02,42.12,130.73,2387.83,8078.12,9.3826,0.02,330,2212,100.0,10.7,6.3736
177,82,9.9995,0.2504,100.0,489.05,604.87,1501.25,1311.81,10.52,15.49,394.39,2318.93,8769.72,1.26,45.32,371.38,2388.18,8123.41,8.6935,0.03,369,2319,100.0,28.52,17.1358
177,83,10.0038,0.25,100.0,489.05,604.4,1507.47,1314.26,10.52,15.49,393.73,2319.02,8768.34,1.26,45.61,371.14,2388.21,8123.27,8.6921,0.03,369,2319,100.0,28.53,17.1296
177,84,42.0037,0.84,100.0,445.0,549.25,1353.51,1129.12,3.91,5.71,138.98,2211.71,8309.28,1.02,42.39,130.12,2387.84,8069.12,9.3786,0.02,332,2212,100.0,10.45,6.4193
177,85,9.9988,0.25,100.0,489.05,604.89,1492.28,1311.24,10.52,15.5,394.37,2318.95,8768.85,1.26,45.38,371.09,2388.17,8121.87,8.6595,0.03,370,2319,100.0,28.68,17.1417
177,86,25.0021,0.6206,60.0,462.54,536.75,1254.5,1048.82,7.05,9.03,175.24,1915.21,8009.49,0.94,36.73,164.21,2028.15,7868.18,10.9483,0.02,307,1915,84.93,14.4,8.5523
177,87,10.0024,0.25,100.0,489.05,605.21,1501.44,1311.75,10.52,15.49,394.56,2318.97,8762.65,1.26,45.68,371.33,2388.19,8121.99,8.652,0.03,369,2319,100.0,28.55,17.029
177,88,42.0072,0.84,100.0,445.0,549.44,1353.02,1130.92,3.91,5.71,138.82,2211.78,8315.58,1.02,42.31,130.17,2387.83,8077.13,9.3634,0.02,332,2212,100.0,10.72,6.38
177,89,42.0079,0.84,100.0,445.0,549.75,1354.21,1122.59,3.91,5.71,138.97,2211.77,8316.02,1.02,42.05,130.31,2387.86,8078.25,9.4074,0.02,331,2212,100.0,10.64,6.2993
177,90,35.004,0.842,100.0,449.44,555.34,1365.06,1129.69,5.48,8.0,194.55,2222.86,8350.7,1.02,42.08,183.45,2387.95,8067.61,9.3225,0.02,334,2223,100.0,14.65,8.921
177,91,42.0017,0.84,100.0,445.0,549.58,1352.16,1123.41,3.91,5.71,138.94,2211.76,8319.45,1.02,42.25,130.49,2387.87,8082.0,9.3349,0.02,331,2212,100.0,10.62,6.2281
177,92,35.0067,0.84,100.0,449.44,555.84,1371.18,1132.3,5.48,8.0,194.58,2222.89,8350.24,1.02,42.15,182.67,2387.95,8058.7,9.3261,0.02,334,2223,100.0,14.86,8.8115
177,93,10.0029,0.25,100.0,489.05,604.47,1500.19,1312.42,10.52,15.49,394.02,2318.94,8774.04,1.26,45.46,371.35,2388.19,8126.35,8.6738,0.03,371,2319,100.0,28.53,17.1012
177,94,42.0054,0.84,100.0,445.0,549.87,1351.84,1133.25,3.91,5.71,139.13,2211.73,8315.31,1.02,42.18,130.33,2387.84,8075.52,9.4007,0.02,331,2212,100.0,10.76,6.3499
177,95,0.0024,0.0,100.0,518.67,642.72,1592.1,1401.78,14.62,21.61,553.57,2388.1,9058.27,1.3,47.51,521.05,2388.11,8129.18,8.4517,0.03,393,2388,100.0,38.84,23.3008
177,96,42.0006,0.84,100.0,445.0,550.19,1355.13,1128.91,3.91,5.71,138.14,2211.79,8320.06,1.02,42.16,130.64,2387.82,8077.61,9.3784,0.02,331,2212,100.0,10.88,6.3305
177,97,42.0069,0.84,100.0,445.0,549.69,1356.31,1126.7,3.91,5.72,138.67,2211.78,8318.94,1.02,42.09,130.04,2387.82,8076.21,9.3719,0.02,332,2212,100.0,10.61,6.4203
177,98,35.0054,0.84,100.0,449.44,555.74,1378.7,1123.98,5.48,8.0,194.82,2222.9,8346.07,1.02,41.91,182.95,2387.96,8065.83,9.3097,0.02,335,2223,100.0,14.67,8.995
177,99,35.0064,0.8419,100.0,449.44,555.41,1369.89,1128.22,5.48,8.0,194.13,2222.87,8352.0,1.02,41.86,182.36,2388.01,8057.11,9.3488,0.02,334,2223,100.0,14.7,8.8924
177,100,9.9992,0.2504,100.0,489.05,604.75,1504.59,1311.52,10.52,15.5,393.97,2318.98,8773.34,1.26,45.65,371.63,2388.25,8127.54,8.6563,0.03,371,2319,100.0,28.52,17.1195
177,101,42.0034,0.8402,100.0,445.0,549.83,1354.06,1126.73,3.91,5.71,138.2,2211.81,8317.97,1.02,42.07,130.49,2387.87,8085.57,9.3684,0.02,332,2212,100.0,10.54,6.3581
177,102,20.0013,0.7009,100.0,491.19,607.17,1482.63,1255.15,9.35,13.66,334.74,2323.98,8715.34,1.08,44.46,314.01,2388.1,8056.72,9.2165,0.02,365,2324,100.0,24.45,14.727
177,103,34.9996,0.84,100.0,449.44,555.65,1372.49,1134.95,5.48,8.0,194.36,2222.94,8345.74,1.02,41.89,182.41,2388.03,8065.77,9.3022,0.02,334,2223,100.0,14.81,8.9632
177,104,19.9993,0.7,100.0,491.19,607.49,1483.45,1253.44,9.35,13.66,333.93,2323.98,8719.58,1.08,44.5,314.47,2388.14,8061.53,9.2395,0.02,365,2324,100.0,24.34,14.7935
177,105,0.0029,0.0018,100.0,518.67,642.81,1591.9,1402.58,14.62,21.61,553.19,2388.16,9050.92,1.3,47.49,520.91,2388.12,8136.83,8.416,0.03,394,2388,100.0,38.83,23.2775
177,106,35.0049,0.8409,100.0,449.44,555.72,1365.37,1130.23,5.48,8.0,194.81,2222.96,8351.92,1.02,41.88,182.96,2388.03,8069.41,9.3516,0.02,334,2223,100.0,14.8,8.879
177,107,25.0029,0.62,60.0,462.54,536.64,1267.53,1053.83,7.05,9.03,175.26,1915.3,8014.41,0.94,36.82,164.61,2028.23,7871.79,10.9234,0.02,308,1915,84.93,14.22,8.4676
177,108,25.0026,0.62,60.0,462.54,536.4,1262.35,1053.18,7.05,9.02,175.75,1915.3,8015.93,0.94,36.81,164.03,2028.17,7873.21,10.9353,0.02,309,1915,84.93,13.96,8.4776
177,109,10.0027,0.25,100.0,489.05,604.73,1500.64,1304.9,10.52,15.5,394.36,2318.98,8783.51,1.26,45.52,371.7,2388.2,8129.59,8.6682,0.03,369,2319,100.0,28.53,17.0491
177,110,0.0025,0.0003,100.0,518.67,642.2,1582.13,1407.98,14.62,21.61,553.2,2388.11,9059.47,1.3,47.62,520.89,2388.09,8137.68,8.4466,0.03,394,2388,100.0,38.79,23.2779
177,111,25.0055,0.621,60.0,462.54,536.48,1264.06,1057.25,7.05,9.03,175.76,1915.29,8010.93,0.94,36.83,164.73,2028.24,7873.63,10.9044,0.02,307,1915,84.93,14.27,8.629
177,112,9.9988,0.25,100.0,489.05,605.12,1507.09,1309.64,10.52,15.49,394.42,2318.94,8779.83,1.26,45.38,370.98,2388.18,8127.83,8.6819,0.03,371,2319,100.0,28.58,17.1549
177,113,34.9999,0.8407,100.0,449.44,555.31,1369.95,1133.74,5.48,8.0,194.3,2222.98,8349.32,1.02,41.91,183.21,2388.03,8063.35,9.3186,0.02,335,2223,100.0,14.76,8.8785
177,114,24.9995,0.6218,60.0,462.54,536.55,1256.28,1052.07,7.05,9.03,176.2,1915.31,8018.72,0.94,36.97,163.99,2028.17,7878.09,10.9334,0.02,307,1915,84.93,14.5,8.5365
177,115,42.0008,0.84,100.0,445.0,549.79,1360.2,1133.02,3.91,5.72,138.08,2211.76,8327.2,1.02,42.2,130.42,2387.88,8084.07,9.4056,0.02,330,2212,100.0,10.65,6.3181
177,116,20.0055,0.7,100.0,491.19,608.17,1484.46,1254.89,9.35,13.66,334.1,2324.01,8716.18,1.08,44.36,314.41,2388.16,8056.71,9.2356,0.02,365,2324,100.0,24.35,14.6672
177,117,10.0049,0.2516,100.0,489.05,604.65,1505.4,1303.36,10.52,15.49,394.44,2318.93,8776.55,1.26,45.52,371.61,2388.17,8131.49,8.6991,0.03,371,2319,100.0,28.44,17.0711
177,118,35.0041,0.8414,100.0,449.44,555.73,1375.68,1132.91,5.48,8.0,194.87,2223.0,8356.5,1.02,42.02,182.76,2388.07,8072.08,9.3134,0.02,334,2223,100.0,14.84,8.8981
177,119,10.0056,0.25,100.0,489.05,605.41,1503.4,1310.36,10.52,15.49,394.46,2318.97,8782.06,1.26,45.68,371.36,2388.15,8134.38,8.6735,0.03,370,2319,100.0,28.4,17.1621
177,120,20.0043,0.7018,100.0,491.19,608.12,1481.25,1268.83,9.35,13.66,334.34,2323.96,8726.2,1.08,44.41,315.05,2388.17,8057.11,9.2234,0.02,365,2324,100.0,24.36,14.67
177,121,25.0079,0.6213,60.0,462.54,536.79,1266.52,1051.41,7.05,9.03,175.29,1915.34,8012.28,0.94,36.85,164.5,2028.27,7874.55,10.9124,0.02,308,1915,84.93,14.2,8.692
177,122,42.0047,0.8414,100.0,445.0,549.49,1350.58,1126.31,3.91,5.71,138.01,2211.87,8323.88,1.02,42.18,129.98,2387.95,8089.05,9.3874,0.02,331,2212,100.0,10.49,6.3612
177,123,0.0018,0.0007,100.0,518.67,642.76,1588.07,1411.11,14.62,21.61,552.77,2388.12,9067.01,1.3,47.5,521.2,2388.09,8140.34,8.4383,0.03,394,2388,100.0,38.85,23.2913
177,124,42.002,0.8418,100.0,445.0,550.2,1354.92,1128.18,3.91,5.72,138.92,2211.92,8328.86,1.02,42.18,130.54,2388.01,8090.79,9.3985,0.02,334,2212,100.0,10.56,6.3465
177,125,0.0004,0.0,100.0,518.67,642.81,1595.34,1409.06,14.62,21.61,552.71,2388.17,9061.8,1.3,47.6,521.85,2388.13,8139.14,8.4619,0.03,394,2388,100.0,38.8,23.2496
177,126,25.0058,0.62,60.0,462.54,537.16,1263.83,1048.6,7.05,9.03,175.18,1915.38,8008.03,0.94,36.74,164.34,2028.32,7873.33,10.9375,0.02,307,1915,84.93,14.37,8.5602
177,127,0.0018,0.0,100.0,518.67,642.68,1594.6,1408.39,14.62,21.61,553.04,2388.09,9063.57,1.3,47.52,520.84,2388.12,8137.33,8.4759,0.03,393,2388,100.0,38.76,23.1979
177,128,0.0015,0.0,100.0,518.67,642.73,1592.5,1404.88,14.62,21.61,553.34,2388.11,9065.81,1.3,47.81,520.77,2388.14,8144.76,8.4504,0.03,395,2388,100.0,38.65,23.3343
177,129,20.001,0.7,100.0,491.19,607.79,1484.09,1250.01,9.35,13.66,334.22,2324.03,8731.67,1.08,44.55,314.09,2388.22,8068.32,9.1976,0.03,364,2324,100.0,24.36,14.6523
177,130,35.0037,0.8411,100.0,449.44,555.81,1370.92,1128.16,5.48,8.0,193.98,2223.01,8354.86,1.02,42.2,182.77,2388.1,8071.36,9.3543,0.02,334,2223,100.0,14.83,8.8406
177,131,34.9993,0.84,100.0,449.44,555.38,1367.35,1130.32,5.48,8.0,193.9,2223.03,8361.25,1.02,41.95,183.01,2388.11,8077.21,9.338,0.02,336,2223,100.0,14.75,8.8011
177,132,0.0006,0.0018,100.0,518.67,642.77,1588.09,1406.26,14.62,21.61,553.01,2388.14,9058.45,1.3,47.73,521.04,2388.11,8137.9,8.4647,0.03,394,2388,100.0,38.75,23.2309
177,133,25.0038,0.6215,60.0,462.54,536.46,1264.61,1055.72,7.05,9.03,175.55,1915.35,8010.43,0.94,36.85,164.43,2028.32,7876.04,10.9067,0.02,307,1915,84.93,14.38,8.705
177,134,42.0034,0.84,100.0,445.0,548.8,1356.61,1126.42,3.91,5.72,139.54,2211.93,8329.65,1.02,42.28,130.37,2388.08,8095.09,9.4238,0.02,331,2212,100.0,10.55,6.1904
177,135,10.0021,0.25,100.0,489.05,605.15,1499.78,1307.61,10.52,15.5,394.46,2319.0,8785.63,1.26,45.53,370.65,2388.22,8138.24,8.7053,0.03,371,2319,100.0,28.36,17.0129
177,136,25.0015,0.62,60.0,462.54,536.89,1264.27,1050.68,7.05,9.03,176.0,1915.51,8013.67,0.94,36.86,164.13,2028.38,7882.7,10.9234,0.02,307,1915,84.93,14.1,8.5007
177,137,42.0022,0.84,100.0,445.0,549.51,1355.25,1133.65,3.91,5.72,139.13,2211.99,8337.31,1.02,42.19,130.33,2388.05,8094.5,9.3857,0.02,330,2212,100.0,10.66,6.3551
177,138,35.0016,0.8412,100.0,449.44,555.37,1364.48,1132.59,5.48,8.0,193.84,2223.05,8360.82,1.02,42.2,182.88,2388.22,8071.62,9.3439,0.02,333,2223,100.0,14.85,8.8902
177,139,20.0034,0.7001,100.0,491.19,607.62,1482.14,1257.9,9.35,13.66,333.89,2324.08,8730.88,1.08,44.52,314.44,2388.2,8069.7,9.2315,0.02,363,2324,100.0,24.21,14.678
177,140,24.9995,0.6207,60.0,462.54,537.3,1268.32,1059.87,7.05,9.03,175.39,1915.56,8023.42,0.94,36.94,164.62,2028.34,7881.78,10.9539,0.02,309,1915,84.93,14.18,8.5096
177,141,19.9987,0.7002,100.0,491.19,608.02,1487.89,1257.04,9.35,13.66,334.25,2324.03,8734.62,1.08,44.76,314.59,2388.12,8071.13,9.2696,0.02,364,2324,100.0,24.51,14.6049
177,142,25.0025,0.62,60.0,462.54,537.04,1263.09,1056.32,7.05,9.03,175.88,1915.5,8029.73,0.94,36.8,164.6,2028.4,7881.77,10.9208,0.02,307,1915,84.93,14.17,8.6364
177,143,35.0036,0.84,100.0,449.44,556.02,1364.6,1133.93,5.48,8.0,194.32,2223.07,8359.05,1.02,42.13,182.56,2388.16,8075.98,9.3594,0.02,334,2223,100.0,14.8,8.9249
177,144,0.0025,0.0009,100.0,518.67,642.98,1589.18,1412.81,14.62,21.61,552.49,2388.09,9076.76,1.3,47.87,520.96,2388.15,8147.66,8.4434,0.03,396,2388,100.0,38.73,23.2861
177,145,25.0052,0.62,60.0,462.54,536.84,1262.63,1046.27,7.05,9.03,175.72,1915.59,8028.41,0.94,36.77,165.24,2028.5,7890.34,10.9341,0.02,309,1915,84.93,14.4,8.4627
177,146,34.9994,0.84,100.0,449.44,556.15,1368.87,1138.3,5.48,8.0,194.43,2223.15,8372.42,1.02,42.05,182.83,2388.28,8077.43,9.3619,0.02,334,2223,100.0,14.86,8.8691
177,147,35.0025,0.84,100.0,449.44,556.13,1360.7,1135.78,5.48,8.0,194.16,2223.14,8371.4,1.02,42.12,182.89,2388.34,8078.79,9.3655,0.02,335,2223,100.0,14.95,8.8939
177,148,19.9998,0.7006,100.0,491.19,607.21,1492.51,1262.09,9.35,13.66,334.01,2324.12,8739.99,1.07,44.71,314.07,2388.2,8069.73,9.2476,0.02,366,2324,100.0,24.42,14.6949
177,149,0.0015,0.0,100.0,518.67,642.9,1600.45,1417.59,14.62,21.61,552.96,2388.08,9071.51,1.3,47.81,521.18,2388.12,8151.94,8.4417,0.03,394,2388,100.0,38.93,23.2698
177,150,41.9988,0.8406,100.0,445.0,550.32,1362.19,1127.66,3.91,5.71,138.56,2212.1,8338.02,1.02,42.29,130.35,2388.18,8094.32,9.4392,0.02,332,2212,100.0,10.46,6.3116
177,151,10.0079,0.25,100.0,489.05,605.36,1511.11,1313.78,10.52,15.5,393.88,2319.02,8799.06,1.26,45.81,371.58,2388.2,8146.28,8.6416,0.03,370,2319,100.0,28.43,17.0773
177,152,20.0019,0.7019,100.0,491.19,608.08,1485.49,1267.99,9.35,13.66,333.83,2324.11,8738.76,1.08,44.51,314.28,2388.25,8075.07,9.2646,0.02,366,2324,100.0,24.33,14.6538
177,153,42.0066,0.84,100.0,445.0,550.24,1362.66,1131.89,3.91,5.72,138.87,2212.19,8341.64,1.02,42.16,130.3,2388.22,8096.2,9.3953,0.02,332,2212,100.0,10.45,6.4607
177,154,42.0025,0.84,100.0,445.0,550.13,1359.26,1130.24,3.91,5.72,138.67,2212.17,8337.5,1.02,42.37,130.39,2388.33,8099.12,9.3652,0.02,332,2212,100.0,10.43,6.3817
177,155,42.0042,0.8406,100.0,445.0,550.4,1351.27,1141.12,3.91,5.72,138.99,2212.15,8343.81,1.02,42.42,130.53,2388.32,8103.47,9.3796,0.02,332,2212,100.0,10.63,6.3165
177,156,0.0015,0.0,100.0,518.67,643.72,1600.72,1413.94,14.62,21.61,552.11,2388.12,9074.09,1.3,47.69,520.23,2388.12,8153.52,8.4725,0.03,393,2388,100.0,38.64,23.1753
177,157,42.005,0.8414,100.0,445.0,550.05,1353.32,1139.82,3.91,5.72,138.32,2212.23,8338.93,1.02,42.47,130.47,2388.28,8099.16,9.4119,0.02,333,2212,100.0,10.5,6.4097
177,158,41.9982,0.84,100.0,445.0,549.98,1358.58,1129.59,3.91,5.72,139.13,2212.3,8342.13,1.02,42.18,129.85,2388.34,8103.95,9.3894,0.02,331,2212,100.0,10.36,6.3571
177,159,35.0067,0.84,100.0,449.44,555.74,1374.62,1140.42,5.48,8.0,194.66,2223.32,8377.42,1.02,42.16,182.65,2388.47,8090.37,9.3734,0.02,334,2223,100.0,14.65,8.8564
177,160,35.0062,0.84,100.0,449.44,556.33,1373.17,1142.53,5.48,8.0,193.76,2223.25,8365.34,1.02,42.09,182.69,2388.41,8087.34,9.3356,0.02,336,2223,100.0,14.68,8.8171
177,161,10.0024,0.2517,100.0,489.05,605.28,1508.16,1319.08,10.52,15.5,393.5,2319.0,8807.86,1.26,45.68,371.39,2388.22,8150.47,8.7357,0.03,372,2319,100.0,28.36,16.9999
177,162,20.0025,0.7011,100.0,491.19,607.92,1493.3,1261.56,9.35,13.66,333.37,2324.17,8752.18,1.07,44.63,314.87,2388.27,8081.18,9.2465,0.02,366,2324,100.0,24.33,14.6911
177,163,0.0007,0.0014,100.0,518.67,642.8,1590.49,1417.67,14.62,21.61,552.42,2388.14,9084.78,1.3,47.65,520.82,2388.12,8160.35,8.453,0.03,396,2388,100.0,38.52,23.0687
177,164,41.9986,0.84,100.0,445.0,550.33,1366.42,1134.17,3.91,5.72,137.54,2212.34,8347.16,1.02,42.38,130.5,2388.39,8104.1,9.4214,0.02,331,2212,100.0,10.47,6.3137
177,165,35.0006,0.8401,100.0,449.44,556.12,1374.14,1136.22,5.48,8.0,194.35,2223.38,8381.38,1.02,42.13,182.76,2388.58,8095.05,9.3929,0.02,335,2223,100.0,14.72,8.8639
177,166,20.0031,0.7,100.0,491.19,607.81,1491.79,1257.7,9.35,13.66,334.0,2324.17,8756.78,1.07,44.57,314.49,2388.35,8087.05,9.2438,0.03,367,2324,100.0,24.31,14.6165
177,167,0.0004,0.0019,100.0,518.67,642.37,1589.38,1416.8,14.62,21.61,552.17,2388.1,9091.21,1.3,47.91,520.59,2388.13,8166.83,8.4822,0.03,394,2388,100.0,38.66,23.172
177,168,42.0015,0.84,100.0,445.0,550.4,1357.78,1136.15,3.91,5.72,138.89,2212.35,8355.76,1.02,42.35,130.43,2388.51,8111.31,9.4267,0.02,332,2212,100.0,10.5,6.3701
177,169,35.0078,0.8402,100.0,449.44,556.25,1373.69,1141.01,5.48,8.0,194.17,2223.5,8385.14,1.02,42.22,182.8,2388.62,8092.8,9.3746,0.02,336,2223,100.0,14.77,8.8619
177,170,10.0044,0.25,100.0,489.05,605.72,1504.34,1321.78,10.52,15.5,393.22,2319.02,8817.96,1.26,45.72,371.24,2388.3,8166.73,8.6908,0.03,372,2319,100.0,28.38,17.0346
177,171,42.004,0.8414,100.0,445.0,549.63,1361.41,1140.91,3.91,5.72,138.48,2212.45,8356.31,1.02,42.41,130.63,2388.55,8118.93,9.4026,0.02,331,2212,100.0,10.45,6.3374
177,172,9.9997,0.25,100.0,489.05,605.11,1515.09,1319.0,10.52,15.5,393.77,2319.1,8820.48,1.26,45.68,370.94,2388.26,8158.11,8.7344,0.03,371,2319,100.0,28.49,17.1884
177,173,0.0018,0.0005,100.0,518.67,642.89,1598.77,1420.34,14.62,21.61,552.46,2388.11,9096.81,1.3,47.78,520.77,2388.13,8167.66,8.4526,0.03,395,2388,100.0,38.82,23.172
177,174,19.9989,0.7,100.0,491.19,608.94,1497.47,1266.87,9.35,13.66,334.09,2324.27,8761.37,1.07,44.56,313.86,2388.35,8095.55,9.2866,0.03,366,2324,100.0,24.4,14.5533
177,175,24.9985,0.6203,60.0,462.54,537.06,1269.89,1060.16,7.05,9.03,175.14,1915.89,8047.52,0.94,37.12,164.21,2028.81,7902.69,10.971,0.02,310,1915,84.93,14.25,8.5133
177,176,25.0065,0.6217,60.0,462.54,537.75,1263.83,1058.16,7.05,9.03,174.97,1915.92,8044.24,0.94,37.08,164.47,2028.85,7904.96,10.9805,0.02,310,1915,84.93,14.17,8.498
177,177,41.9993,0.84,100.0,445.0,550.39,1361.56,1142.83,3.91,5.71,138.0,2212.56,8363.01,1.03,42.63,130.75,2388.65,8116.79,9.4212,0.02,332,2212,100.0,10.38,6.3444
177,178,35.0052,0.8408,100.0,449.44,556.75,1376.67,1141.71,5.48,8.0,194.43,2223.63,8400.18,1.02,42.23,182.68,2388.74,8102.06,9.383,0.02,335,2223,100.0,14.87,8.8312
177,179,35.0032,0.84,100.0,449.44,556.13,1375.95,1145.15,5.48,8.0,193.78,2223.6,8394.1,1.02,42.27,182.82,2388.8,8103.7,9.4159,0.02,337,2223,100.0,14.84,8.814
177,180,0.0001,0.0,100.0,518.67,643.54,1593.63,1424.7,14.62,21.61,552.62,2388.13,9102.37,1.3,47.86,520.7,2388.2,8177.5,8.4791,0.03,395,2388,100.0,38.65,23.137
177,181,34.9981,0.84,100.0,449.44,556.46,1374.83,1142.1,5.48,8.01,195.41,2223.73,8403.14,1.02,42.22,182.67,2388.9,8108.72,9.3782,0.02,335,2223,100.0,14.47,8.8775
177,182,19.9984,0.7,100.0,491.19,608.13,1493.14,1272.61,9.35,13.66,333.93,2324.37,8766.97,1.07,44.9,313.75,2388.57,8099.35,9.2889,0.03,366,2324,100.0,24.33,14.564
177,183,10.0011,0.25,100.0,489.05,605.89,1509.34,1320.71,10.52,15.5,393.38,2319.1,8832.7,1.26,45.84,370.52,2388.34,8178.42,8.7192,0.03,371,2319,100.0,28.5,16.9921
177,184,25.004,0.62,60.0,462.54,537.83,1274.53,1062.56,7.05,9.03,175.27,1916.15,8054.54,0.94,36.97,163.92,2029.08,7912.67,11.0118,0.02,310,1915,84.93,14.25,8.469
177,185,24.9991,0.62,60.0,462.54,537.13,1267.41,1058.44,7.05,9.03,175.49,1916.15,8055.21,0.94,37.11,163.97,2029.06,7914.39,10.984,0.02,309,1915,84.93,14.13,8.5463
177,186,42.0051,0.8403,100.0,445.0,549.71,1361.75,1142.87,3.91,5.72,138.71,2212.79,8386.77,1.02,42.34,130.44,2388.96,8138.84,9.3826,0.02,335,2212,100.0,10.46,6.2546
177,187,10.0075,0.25,100.0,489.05,605.43,1514.49,1324.53,10.52,15.5,393.51,2319.16,8837.74,1.26,45.84,370.71,2388.31,8183.09,8.7515,0.03,371,2319,100.0,28.21,16.9009
177,188,42.0028,0.8408,100.0,445.0,550.22,1362.12,1140.62,3.91,5.72,138.64,2212.85,8386.79,1.03,42.55,130.85,2389.01,8146.8,9.3776,0.02,334,2212,100.0,10.56,6.2989
177,189,9.9986,0.25,100.0,489.05,605.98,1508.39,1332.38,10.52,15.5,393.26,2319.11,8842.78,1.26,45.84,370.65,2388.32,8179.31,8.7135,0.03,372,2319,100.0,28.37,17.04
177,190,25.0057,0.62,60.0,462.54,537.32,1270.96,1064.83,7.05,9.03,174.57,1916.28,8061.33,0.94,37.28,164.68,2029.2,7919.03,11.03,0.02,310,1915,84.93,14.23,8.4816
177,191,10.0051,0.25,100.0,489.05,605.48,1509.76,1323.51,10.52,15.5,393.62,2319.11,8850.8,1.26,45.91,370.39,2388.31,8185.26,8.7546,0.03,372,2319,100.0,28.37,17.0928
178,1,35.002,0.8415,100.0,449.44,555.96,1365.45,1138.0,5.48,8.0,193.54,2222.86,8338.32,1.02,41.82,182.59,2387.91,8066.5,9.3258,0.02,334,2223,100.0,14.74,8.8498
178,2,10.0049,0.25,100.0,489.05,604.63,1506.09,1310.76,10.52,15.5,393.92,2318.99,8778.55,1.26,45.44,370.98,2388.18,8125.87,8.6725,0.03,370,2319,100.0,28.44,17.1138
178,3,25.0076,0.62,60.0,462.54,536.67,1264.14,1053.42,7.05,9.02,175.2,1915.26,8002.4,0.94,36.7,164.92,2028.19,7880.49,10.8792,0.02,308,1915,84.93,14.37,8.6093
178,4,0.0016,0.0,100.0,518.67,642.96,1589.35,1413.9,14.62,21.61,553.03,2388.1,9051.52,1.3,47.62,521.32,2388.09,8130.58,8.428,0.03,393,2388,100.0,38.89,23.367
178,5,42.0006,0.8401,100.0,445.0,549.27,1357.8,1123.49,3.91,5.71,139.17,2211.84,8319.39,1.02,42.35,130.55,2387.87,8078.23,9.3733,0.02,330,2212,100.0,10.5,6.3399
178,6,42.0012,0.8414,100.0,445.0,549.79,1349.14,1120.73,3.91,5.71,138.2,2211.83,8323.03,1.02,42.16,130.31,2387.91,8083.01,9.3994,0.02,331,2212,100.0,10.71,6.3718
178,7,25.0016,0.62,60.0,462.54,536.72,1259.88,1037.14,7.05,9.02,175.63,1915.26,8013.86,0.94,36.7,164.55,2028.18,7872.03,10.899,0.02,306,1915,84.93,14.32,8.6285
178,8,34.9989,0.84,100.0,449.44,556.19,1366.43,1131.91,5.48,8.0,193.74,2222.95,8343.74,1.02,41.94,183.17,2388.01,8064.69,9.323,0.02,335,2223,100.0,14.89,8.8544
178,9,42.0026,0.8417,100.0,445.0,549.67,1352.06,1124.94,3.91,5.71,138.74,2211.84,8321.23,1.02,42.14,130.62,2387.92,8086.87,9.385,0.02,331,2212,100.0,10.65,6.2656
178,10,24.998,0.6219,60.0,462.54,536.86,1265.09,1041.12,7.05,9.02,175.84,1915.31,8019.1,0.94,36.66,164.49,2028.26,7877.94,10.8987,0.02,307,1915,84.93,14.18,8.6031
178,11,10.0049,0.2508,100.0,489.05,604.52,1502.73,1307.72,10.52,15.49,394.67,2318.9,8782.34,1.26,45.4,371.4,2388.2,8126.57,8.7083,0.03,368,2319,100.0,28.48,17.1663
178,12,0.0011,0.0006,100.0,518.67,642.36,1588.1,1406.36,14.62,21.61,553.33,2388.16,9053.66,1.3,47.51,521.35,2388.14,8132.36,8.4346,0.03,392,2388,100.0,38.76,23.4091
178,13,10.0045,0.2514,100.0,489.05,604.74,1499.97,1305.62,10.52,15.49,394.02,2318.95,8779.09,1.26,45.52,371.91,2388.16,8125.09,8.6664,0.03,369,2319,100.0,28.58,17.1695
178,14,0.0019,0.0,100.0,518.67,642.42,1585.79,1411.45,14.62,21.61,553.85,2388.15,9054.35,1.3,47.56,521.3,2388.14,8135.76,8.4394,0.03,393,2388,100.0,38.95,23.2957
178,15,35.0021,0.8412,100.0,449.44,555.48,1365.83,1130.97,5.48,8.0,194.33,2222.9,8352.0,1.02,41.9,182.5,2387.99,8058.49,9.3409,0.02,335,2223,100.0,14.84,8.7498
178,16,41.998,0.8419,100.0,445.0,548.97,1357.09,1122.26,3.91,5.71,139.41,2211.85,8325.78,1.02,42.32,130.74,2387.89,8084.09,9.3574,0.02,332,2212,100.0,10.58,6.3264
178,17,42.0011,0.84,100.0,445.0,549.08,1354.08,1124.13,3.91,5.71,138.25,2211.84,8321.65,1.02,42.11,130.91,2387.94,8083.2,9.4002,0.02,330,2212,100.0,10.61,6.2901
178,18,25.0004,0.6201,60.0,462.54,536.32,1258.0,1047.54,7.05,9.03,175.02,1915.29,8007.55,0.94,36.81,164.76,2028.22,7876.18,10.9208,0.02,308,1915,84.93,14.45,8.5951
178,19,20.0007,0.7,100.0,491.19,607.88,1483.97,1251.19,9.35,13.66,334.38,2323.95,8725.73,1.08,44.35,314.87,2388.17,8058.22,9.2342,0.02,364,2324,100.0,24.39,14.5718
178,20,41.9994,0.84,100.0,445.0,549.9,1358.93,1124.82,3.91,5.71,138.14,2211.87,8320.55,1.02,42.15,130.19,2387.87,8084.53,9.398,0.02,331,2212,100.0,10.56,6.4276
178,21,20.0036,0.7007,100.0,491.19,607.53,1482.29,1256.57,9.35,13.66,334.88,2323.97,8725.81,1.08,44.5,314.91,2388.1,8058.76,9.2654,0.02,366,2324,100.0,24.67,14.697
178,22,0.0018,0.0011,100.0,518.67,642.64,1590.91,1410.16,14.62,21.61,553.81,2388.07,9052.75,1.3,47.51,522.14,2388.09,8134.03,8.4625,0.03,392,2388,100.0,38.78,23.3043
178,23,10.0035,0.2505,100.0,489.05,605.12,1506.62,1311.99,10.52,15.49,394.51,2319.05,8777.28,1.26,45.46,371.49,2388.11,8125.21,8.6735,0.03,369,2319,100.0,28.64,17.1181
178,24,42.003,0.84,100.0,445.0,549.63,1347.92,1128.69,3.91,5.71,138.35,2211.84,8319.26,1.02,41.89,130.25,2387.87,8084.98,9.3503,0.02,331,2212,100.0,10.35,6.4065
178,25,42.0067,0.8409,100.0,445.0,549.38,1361.08,1125.28,3.91,5.71,138.11,2211.82,8322.54,1.02,42.17,131.08,2387.96,8083.15,9.3883,0.02,330,2212,100.0,10.72,6.3475
178,26,42.0004,0.8414,100.0,445.0,549.71,1361.33,1126.55,3.91,5.71,138.54,2211.81,8329.96,1.02,41.98,130.96,2387.89,8082.78,9.365,0.02,330,2212,100.0,10.53,6.4433
178,27,42.0019,0.84,100.0,445.0,549.54,1351.32,1124.42,3.91,5.71,138.85,2211.78,8323.39,1.02,42.3,130.95,2387.88,8083.32,9.3537,0.02,331,2212,100.0,10.55,6.4056
178,28,42.0006,0.8419,100.0,445.0,549.37,1353.57,1126.84,3.91,5.71,138.46,2211.81,8326.06,1.02,42.22,130.51,2387.89,8083.8,9.351,0.02,331,2212,100.0,10.54,6.4095
178,29,10.0072,0.2516,100.0,489.05,604.89,1505.61,1318.32,10.52,15.49,394.97,2318.93,8770.19,1.26,45.46,371.62,2388.17,8123.64,8.6656,0.03,370,2319,100.0,28.59,17.1283
178,30,0.0009,0.0007,100.0,518.67,642.87,1588.39,1409.62,14.62,21.61,553.32,2388.14,9055.19,1.3,47.66,521.45,2388.16,8134.75,8.4552,0.03,393,2388,100.0,38.84,23.2144
178,31,10.0041,0.25,100.0,489.05,604.66,1496.67,1303.05,10.52,15.49,393.76,2318.95,8770.62,1.26,45.5,371.31,2388.2,8131.54,8.616,0.03,368,2319,100.0,28.56,17.1735
178,32,42.0079,0.84,100.0,445.0,549.06,1350.06,1128.28,3.91,5.72,138.36,2211.86,8315.79,1.02,42.23,130.98,2387.87,8077.93,9.3794,0.02,331,2212,100.0,10.57,6.2984
178,33,0.0029,0.0013,100.0,518.67,642.25,1590.12,1404.31,14.62,21.61,553.58,2388.14,9058.13,1.3,47.34,521.56,2388.09,8130.92,8.3963,0.03,393,2388,100.0,38.64,23.2322
178,34,20.001,0.7,100.0,491.19,607.51,1490.98,1255.1,9.35,13.65,334.63,2323.97,8722.33,1.08,44.5,314.96,2388.08,8060.37,9.1893,0.03,364,2324,100.0,24.37,14.706
178,35,25.0044,0.6201,60.0,462.54,536.89,1267.65,1051.12,7.05,9.03,176.05,1915.28,8011.16,0.94,36.85,164.31,2028.24,7871.4,10.9389,0.02,308,1915,84.93,14.25,8.4271
178,36,20.0023,0.7,100.0,491.19,607.33,1487.76,1252.9,9.35,13.65,333.34,2323.99,8726.16,1.08,44.42,315.04,2388.13,8055.31,9.2408,0.02,365,2324,100.0,24.37,14.6906
178,37,25.0067,0.6201,60.0,462.54,537.25,1267.75,1048.38,7.05,9.03,175.68,1915.3,8012.84,0.94,36.84,164.14,2028.17,7866.67,10.9236,0.02,308,1915,84.93,14.33,8.4687
178,38,0.0019,0.0,100.0,518.67,643.0,1587.58,1414.83,14.62,21.61,553.44,2388.11,9047.24,1.3,47.6,521.21,2388.15,8134.58,8.4374,0.03,392,2388,100.0,38.72,23.2397
178,39,34.9993,0.8419,100.0,449.44,555.37,1363.66,1128.22,5.48,8.0,194.16,2222.93,8344.2,1.02,42.01,183.29,2388.01,8069.36,9.3139,0.02,335,2223,100.0,14.93,8.8477
178,40,25.0074,0.6203,60.0,462.54,536.53,1264.72,1052.26,7.05,9.03,174.82,1915.31,8007.19,0.94,36.66,164.65,2028.23,7871.08,10.8994,0.02,306,1915,84.93,14.14,8.5673
178,41,25.0059,0.622,60.0,462.54,536.68,1260.53,1053.99,7.05,9.02,175.63,1915.26,8009.68,0.94,36.64,164.89,2028.14,7869.85,10.8902,0.02,308,1915,84.93,14.42,8.5078
178,42,35.0042,0.8405,100.0,449.44,555.61,1365.78,1137.66,5.48,8.0,194.33,2222.88,8348.24,1.02,42.02,183.35,2388.01,8067.57,9.3109,0.02,336,2223,100.0,14.69,8.8292
178,43,0.0026,0.0012,100.0,518.67,643.0,1587.8,1407.75,14.62,21.61,554.01,2388.07,9050.24,1.3,47.63,521.11,2388.15,8133.46,8.4403,0.03,395,2388,100.0,38.94,23.2546
178,44,41.9981,0.8401,100.0,445.0,550.04,1356.74,1134.66,3.91,5.71,138.7,2211.77,8317.68,1.02,41.91,130.25,2387.92,8081.37,9.3943,0.02,331,2212,100.0,10.79,6.3577
178,45,35.0013,0.84,100.0,449.44,555.47,1367.96,1141.38,5.48,8.0,194.9,2222.92,8346.14,1.02,41.86,183.05,2387.99,8063.55,9.354,0.02,332,2223,100.0,14.76,8.8482
178,46,19.9983,0.7004,100.0,491.19,607.52,1485.03,1253.71,9.35,13.66,334.24,2324.01,8716.9,1.08,44.51,314.84,2388.12,8058.44,9.2213,0.02,365,2324,100.0,24.31,14.8318
178,47,20.002,0.7,100.0,491.19,607.18,1488.72,1248.6,9.35,13.65,333.82,2323.94,8728.07,1.08,44.38,315.09,2388.11,8057.57,9.1997,0.02,365,2324,100.0,24.53,14.7761
178,48,35.007,0.84,100.0,449.44,555.36,1372.45,1130.35,5.48,8.0,194.3,2222.87,8353.02,1.02,41.86,183.18,2387.97,8067.31,9.3358,0.02,335,2223,100.0,14.79,8.7453
178,49,10.0041,0.25,100.0,489.05,605.21,1499.73,1314.81,10.52,15.49,394.35,2318.99,8776.52,1.26,45.4,371.55,2388.18,8128.03,8.6947,0.03,369,2319,100.0,28.48,17.0011
178,50,35.0015,0.841,100.0,449.44,556.04,1365.29,1128.12,5.48,8.0,194.65,2222.87,8340.47,1.02,41.93,182.66,2387.97,8068.32,9.3388,0.02,333,2223,100.0,14.81,8.7984
178,51,20.0066,0.7009,100.0,491.19,607.42,1486.38,1249.21,9.35,13.66,334.25,2323.98,8721.63,1.08,44.27,314.87,2388.14,8059.0,9.2011,0.02,365,2324,100.0,24.47,14.6548
178,52,25.0068,0.6215,60.0,462.54,536.7,1271.87,1053.77,7.05,9.03,175.32,1915.28,8009.02,0.94,36.99,164.72,2028.2,7874.82,10.8963,0.02,308,1915,84.93,14.33,8.6755
178,53,20.006,0.7,100.0,491.19,607.11,1488.72,1255.18,9.35,13.66,334.55,2323.97,8721.9,1.07,44.55,315.23,2388.07,8061.07,9.2371,0.02,366,2324,100.0,24.46,14.6524
178,54,35.0038,0.8417,100.0,449.44,555.65,1367.38,1126.78,5.48,8.0,194.93,2222.91,8347.35,1.02,42.05,183.23,2387.99,8067.12,9.331,0.02,334,2223,100.0,15.03,8.8565
179,1,10.0069,0.2503,100.0,489.05,604.76,1501.98,1308.23,10.52,15.49,395.33,2318.9,8762.13,1.26,45.14,371.5,2388.09,8116.27,8.6575,0.03,367,2319,100.0,28.59,17.2075
179,2,41.9998,0.84,100.0,445.0,549.53,1347.71,1122.83,3.91,5.71,138.96,2211.66,8305.01,1.02,41.97,130.51,2387.74,8073.01,9.3554,0.02,332,2212,100.0,10.54,6.3964
179,3,35.0028,0.84,100.0,449.44,555.4,1369.2,1125.77,5.48,8.0,195.12,2222.77,8334.94,1.02,41.86,183.13,2387.8,8053.18,9.3444,0.02,334,2223,100.0,14.74,8.8483
179,4,41.9988,0.8415,100.0,445.0,549.86,1349.71,1119.7,3.91,5.71,138.08,2211.67,8311.6,1.02,41.83,131.21,2387.7,8070.18,9.3437,0.02,329,2212,100.0,10.57,6.3526
179,5,42.0039,0.84,100.0,445.0,549.19,1351.83,1129.82,3.91,5.71,138.65,2211.67,8310.97,1.02,42.02,130.67,2387.8,8073.79,9.3354,0.02,330,2212,100.0,10.75,6.343
179,6,0.0028,0.0,100.0,518.67,642.09,1591.74,1411.09,14.62,21.61,554.23,2388.01,9044.51,1.3,47.41,521.45,2388.1,8132.49,8.413,0.03,393,2388,100.0,38.98,23.3573
179,7,42.0024,0.84,100.0,445.0,549.2,1340.4,1127.0,3.91,5.72,138.72,2211.66,8304.38,1.02,41.9,130.44,2387.76,8068.27,9.3751,0.02,331,2212,100.0,10.54,6.3167
179,8,20.0024,0.7019,100.0,491.19,607.65,1478.81,1253.95,9.35,13.65,335.2,2323.9,8709.89,1.08,44.22,315.55,2388.02,8046.37,9.2275,0.02,364,2324,100.0,24.4,14.6155
179,9,0.0022,0.0,100.0,518.67,642.59,1585.4,1408.0,14.62,21.61,553.84,2388.03,9045.53,1.3,47.31,521.61,2388.04,8126.27,8.4331,0.03,392,2388,100.0,38.93,23.2668
179,10,42.005,0.8404,100.0,445.0,549.6,1348.27,1119.83,3.91,5.71,138.34,2211.68,8309.41,1.02,42.17,130.78,2387.78,8071.35,9.3462,0.02,329,2212,100.0,10.74,6.3779
179,11,9.9997,0.25,100.0,489.05,605.27,1510.19,1302.43,10.52,15.49,394.89,2318.91,8768.46,1.26,45.51,371.72,2388.13,8121.81,8.6276,0.03,367,2319,100.0,28.61,17.1102
179,12,41.9984,0.841,100.0,445.0,548.91,1352.06,1116.54,3.91,5.71,139.05,2211.68,8308.43,1.02,42.12,130.58,2387.81,8077.39,9.3566,0.02,330,2212,100.0,10.7,6.356
179,13,42.0045,0.84,100.0,445.0,548.79,1352.7,1119.55,3.91,5.72,138.69,2211.68,8304.99,1.02,41.99,130.6,2387.81,8074.06,9.398,0.02,330,2212,100.0,10.55,6.4159
179,14,9.9982,0.2513,100.0,489.05,604.14,1503.67,1308.35,10.52,15.49,394.31,2318.87,8761.47,1.26,45.43,371.39,2388.1,8116.57,8.6612,0.03,368,2319,100.0,28.44,17.1837
179,15,10.0011,0.2516,100.0,489.05,604.78,1500.46,1304.37,10.52,15.49,394.17,2318.91,8762.08,1.26,45.35,371.71,2388.1,8119.43,8.6683,0.03,368,2319,100.0,28.74,17.0782
179,16,42.0061,0.84,100.0,445.0,549.43,1350.75,1121.58,3.91,5.71,139.0,2211.7,8318.27,1.02,41.98,130.82,2387.74,8071.25,9.3408,0.02,329,2212,100.0,10.72,6.2468
179,17,42.0,0.84,100.0,445.0,549.78,1350.87,1111.09,3.91,5.72,138.91,2211.72,8313.99,1.02,41.72,130.71,2387.8,8075.69,9.3567,0.02,331,2212,100.0,10.54,6.4178
179,18,42.0025,0.84,100.0,445.0,549.25,1348.03,1119.27,3.91,5.71,138.67,2211.76,8307.29,1.02,42.15,130.54,2387.73,8073.15,9.3593,0.02,331,2212,100.0,10.64,6.3441
179,19,25.005,0.62,60.0,462.54,536.47,1262.53,1043.83,7.05,9.02,175.44,1915.17,8010.84,0.94,36.68,164.25,2028.05,7867.14,10.8605,0.02,307,1915,84.93,14.24,8.6426
179,20,25.0013,0.62,60.0,462.54,536.58,1258.02,1046.85,7.05,9.02,175.79,1915.18,8004.75,0.94,36.64,164.61,2028.05,7866.26,10.9084,0.02,305,1915,84.93,14.3,8.6277
179,21,35.0001,0.8409,100.0,449.44,555.81,1359.37,1120.93,5.48,8.0,194.63,2222.76,8340.36,1.03,41.94,182.99,2387.76,8058.05,9.3026,0.02,334,2223,100.0,14.78,9.0086
179,22,0.0021,0.0014,100.0,518.67,641.63,1578.26,1408.08,14.62,21.61,553.87,2388.07,9038.7,1.3,47.34,522.34,2388.07,8124.66,8.4187,0.03,392,2388,100.0,38.98,23.3664
179,23,0.002,0.0,100.0,518.67,642.2,1591.05,1400.29,14.62,21.61,553.67,2388.12,9049.99,1.3,47.25,521.95,2388.13,8126.55,8.4122,0.03,392,2388,100.0,38.82,23.2748
179,24,25.007,0.62,60.0,462.54,536.68,1258.71,1048.77,7.05,9.03,176.33,1915.18,8009.83,0.94,36.75,164.69,2028.0,7871.55,10.8718,0.02,305,1915,84.93,14.34,8.4854
179,25,35.0042,0.84,100.0,449.44,555.73,1370.31,1123.91,5.48,8.0,194.68,2222.77,8342.18,1.02,41.82,183.03,2387.85,8059.43,9.3576,0.02,335,2223,100.0,14.8,8.7996
179,26,10.0038,0.25,100.0,489.05,604.75,1494.9,1303.97,10.52,15.49,393.88,2318.89,8762.38,1.26,45.42,371.79,2388.08,8125.48,8.6272,0.03,370,2319,100.0,28.47,17.2609
179,27,35.0006,0.84,100.0,449.44,555.77,1365.03,1125.16,5.48,8.0,194.24,2222.77,8337.73,1.02,41.66,183.02,2387.82,8058.48,9.311,0.02,332,2223,100.0,15.01,8.9752
179,28,0.0008,0.0,100.0,518.67,641.81,1585.32,1409.98,14.62,21.61,553.96,2388.11,9041.17,1.3,47.41,521.52,2388.08,8127.19,8.4241,0.03,392,2388,100.0,38.93,23.3727
179,29,41.999,0.84,100.0,445.0,549.13,1351.88,1124.27,3.91,5.71,138.55,2211.7,8312.82,1.02,41.99,130.88,2387.76,8071.71,9.3377,0.02,331,2212,100.0,10.62,6.4111
179,30,10.0021,0.2504,100.0,489.05,604.52,1499.99,1309.94,10.52,15.49,394.63,2318.95,8759.58,1.26,45.51,371.95,2388.09,8117.33,8.6469,0.03,369,2319,100.0,28.68,17.1023
179,31,25.0053,0.62,60.0,462.54,536.67,1265.8,1043.02,7.05,9.02,175.82,1915.18,7996.87,0.94,36.85,164.77,2028.02,7863.44,10.8995,0.02,308,1915,84.93,14.5,8.5898
179,32,42.0064,0.8409,100.0,445.0,549.03,1358.41,1126.67,3.91,5.71,139.09,2211.73,8315.83,1.02,42.03,130.53,2387.82,8077.48,9.413,0.02,331,2212,100.0,10.82,6.4178
179,33,41.9987,0.8404,100.0,445.0,549.52,1347.66,1127.4,3.91,5.71,139.19,2211.69,8311.3,1.02,41.96,130.63,2387.81,8075.06,9.3295,0.02,330,2212,100.0,10.57,6.4012
179,34,0.0016,0.0,100.0,518.67,642.63,1584.42,1400.15,14.62,21.61,552.52,2388.09,9040.61,1.3,47.48,521.57,2388.13,8128.88,8.4231,0.03,391,2388,100.0,38.87,23.3215
179,35,42.0055,0.84,100.0,445.0,549.1,1344.75,1121.59,3.91,5.71,138.5,2211.73,8309.97,1.02,41.93,130.27,2387.8,8076.01,9.3744,0.02,333,2212,100.0,10.62,6.3583
179,36,10.0008,0.2516,100.0,489.05,605.13,1502.37,1305.23,10.52,15.49,395.07,2318.94,8765.52,1.26,45.32,371.55,2388.14,8120.93,8.6287,0.03,368,2319,100.0,28.52,17.0594
179,37,35.0048,0.8414,100.0,449.44,555.37,1363.78,1127.26,5.48,8.0,194.49,2222.74,8338.32,1.02,41.92,183.09,2387.78,8059.99,9.3201,0.02,333,2223,100.0,14.76,8.8471
179,38,25.0057,0.6203,60.0,462.54,536.37,1257.05,1044.63,7.05,9.03,175.7,1915.2,8000.08,0.94,36.69,164.33,2028.02,7863.51,10.8816,0.02,306,1915,84.93,14.23,8.6336
179,39,42.0035,0.84,100.0,445.0,549.13,1352.39,1123.48,3.91,5.72,138.57,2211.74,8309.08,1.02,42.13,130.75,2387.8,8070.21,9.3531,0.02,332,2212,100.0,10.6,6.3429
179,40,25.0052,0.62,60.0,462.54,536.55,1263.62,1040.04,7.05,9.02,175.92,1915.12,8008.82,0.94,36.76,164.98,2028.07,7867.82,10.9119,0.02,307,1915,84.93,14.36,8.5899
179,41,42.0005,0.8406,100.0,445.0,549.4,1344.03,1114.95,3.91,5.71,138.24,2211.67,8306.88,1.02,41.89,129.97,2387.81,8073.62,9.3398,0.02,329,2212,100.0,10.7,6.297
179,42,35.0035,0.8414,100.0,449.44,555.47,1361.74,1123.6,5.48,8.0,194.33,2222.8,8339.27,1.02,41.85,182.89,2387.9,8058.87,9.3171,0.02,334,2223,100.0,14.8,8.938
179,43,25.0049,0.62,60.0,462.54,536.85,1259.3,1041.99,7.05,9.02,175.54,1915.17,8003.16,0.94,36.76,163.9,2028.12,7863.19,10.8664,0.02,307,1915,84.93,14.19,8.5971
179,44,10.006,0.25,100.0,489.05,604.63,1495.16,1306.11,10.52,15.49,395.07,2318.92,8774.61,1.26,45.37,371.77,2388.08,8118.84,8.6461,0.03,369,2319,100.0,28.58,17.1131
179,45,10.0052,0.25,100.0,489.05,604.82,1496.43,1299.73,10.52,15.49,394.21,2318.98,8770.79,1.26,45.34,372.23,2388.07,8118.18,8.6161,0.03,368,2319,100.0,28.53,17.1167
179,46,10.0064,0.25,100.0,489.05,605.16,1501.35,1308.13,10.52,15.49,395.1,2318.95,8763.01,1.26,45.28,371.59,2388.09,8123.99,8.6541,0.03,368,2319,100.0,28.51,17.2188
179,47,41.9992,0.8409,100.0,445.0,549.45,1345.83,1126.87,3.91,5.71,138.47,2211.68,8308.53,1.02,41.95,130.55,2387.7,8072.72,9.361,0.02,330,2212,100.0,10.72,6.362
179,48,41.9988,0.8416,100.0,445.0,549.67,1349.74,1127.54,3.91,5.71,138.33,2211.71,8308.73,1.02,41.97,130.28,2387.72,8071.72,9.3639,0.02,330,2212,100.0,10.49,6.306
179,49,42.0001,0.84,100.0,445.0,549.39,1347.0,1122.53,3.91,5.72,137.69,2211.64,8313.2,1.02,42.0,130.39,2387.74,8070.12,9.3738,0.02,332,2212,100.0,10.53,6.4308
179,50,42.0054,0.84,100.0,445.0,549.18,1351.86,1122.55,3.91,5.71,139.07,2211.72,8316.53,1.02,42.01,130.77,2387.74,8072.41,9.3623,0.02,331,2212,100.0,10.54,6.4176
179,51,25.0025,0.6208,60.0,462.54,536.47,1257.34,1048.39,7.05,9.02,175.53,1915.17,7999.01,0.94,36.76,164.74,2028.09,7864.67,10.8616,0.02,306,1915,84.93,14.28,8.5911
179,52,25.002,0.62,60.0,462.54,536.75,1258.29,1043.72,7.05,9.03,175.67,1915.14,8000.49,0.94,36.69,164.74,2028.06,7865.37,10.8904,0.02,308,1915,84.93,14.26,8.5521
179,53,42.0014,0.8401,100.0,445.0,549.33,1344.8,1124.16,3.91,5.71,138.63,2211.65,8306.82,1.02,41.95,130.75,2387.73,8072.68,9.3612,0.02,330,2212,100.0,10.6,6.3731
179,54,20.0056,0.7014,100.0,491.19,607.67,1484.85,1246.58,9.35,13.65,334.76,2323.93,8706.16,1.08,44.25,314.88,2388.02,8052.43,9.2093,0.02,362,2324,100.0,24.54,14.5442
179,55,10.0055,0.2506,100.0,489.05,604.75,1498.53,1308.37,10.52,15.49,394.69,2318.9,8772.85,1.26,45.46,371.96,2388.09,8122.01,8.6305,0.03,367,2319,100.0,28.56,17.1964
179,56,42.0002,0.8416,100.0,445.0,549.51,1359.01,1118.55,3.91,5.71,138.66,2211.64,8312.54,1.02,42.07,130.58,2387.71,8076.72,9.3519,0.02,330,2212,100.0,10.44,6.4457
179,57,25.0023,0.6219,60.0,462.54,536.59,1264.71,1048.71,7.05,9.02,175.87,1915.17,8002.66,0.94,36.7,164.75,2028.02,7863.62,10.8846,0.02,307,1915,84.93,14.12,8.5078
179,58,0.0015,0.0011,100.0,518.67,642.63,1587.04,1400.3,14.62,21.61,553.76,2388.13,9053.29,1.3,47.37,521.87,2388.08,8128.99,8.4336,0.03,392,2388,100.0,38.9,23.3772
179,59,41.9987,0.84,100.0,445.0,549.5,1345.77,1129.07,3.91,5.71,138.48,2211.66,8313.92,1.02,42.0,129.63,2387.72,8070.68,9.351,0.02,330,2212,100.0,10.56,6.3409
179,60,0.0024,0.0,100.0,518.67,642.5,1588.84,1405.45,14.62,21.61,553.38,2388.08,9047.54,1.3,47.43,521.91,2388.1,8123.62,8.4499,0.03,394,2388,100.0,38.85,23.3111
179,61,41.9986,0.8416,100.0,445.0,548.96,1354.83,1121.6,3.91,5.71,138.26,2211.73,8307.2,1.02,42.04,130.35,2387.83,8071.93,9.3708,0.02,330,2212,100.0,10.64,6.2747
179,62,0.0022,0.0,100.0,518.67,642.35,1585.51,1406.41,14.62,21.61,552.76,2388.1,9041.62,1.3,47.68,521.85,2388.14,8123.32,8.4205,0.03,392,2388,100.0,38.79,23.318
179,63,25.0016,0.62,60.0,462.54,536.47,1266.16,1047.63,7.05,9.03,175.27,1915.15,7996.98,0.94,36.7,165.05,2028.03,7867.84,10.8797,0.02,308,1915,84.93,14.38,8.5707
179,64,19.9987,0.7,100.0,491.19,607.22,1487.81,1249.09,9.35,13.66,335.01,2323.93,8712.3,1.08,44.3,314.81,2388.05,8053.91,9.1948,0.02,364,2324,100.0,24.41,14.6928
179,65,42.0076,0.8416,100.0,445.0,549.39,1347.9,1127.56,3.91,5.72,138.69,2211.72,8310.55,1.02,42.05,130.27,2387.8,8072.32,9.3847,0.02,331,2212,100.0,10.45,6.3947
179,66,20.003,0.7,100.0,491.19,607.49,1481.64,1251.82,9.35,13.66,334.62,2323.87,8702.03,1.08,44.51,315.24,2388.04,8045.81,9.2241,0.02,364,2324,100.0,24.38,14.7507
179,67,34.9986,0.84,100.0,449.44,555.55,1362.53,1135.16,5.48,8.0,193.65,2222.7,8338.37,1.02,41.89,183.18,2387.79,8055.3,9.2974,0.02,333,2223,100.0,14.96,8.8606
179,68,20.006,0.7,100.0,491.19,606.9,1481.06,1251.0,9.35,13.66,335.08,2323.9,8711.43,1.08,44.28,315.39,2388.04,8049.69,9.2305,0.02,364,2324,100.0,24.41,14.7223
179,69,19.9991,0.7009,100.0,491.19,607.05,1482.99,1249.04,9.35,13.66,334.41,2323.88,8706.18,1.08,44.41,314.16,2388.05,8053.67,9.2165,0.02,365,2324,100.0,24.46,14.7381
179,70,20.0065,0.7009,100.0,491.19,606.76,1483.92,1253.22,9.35,13.65,334.41,2323.89,8709.33,1.08,44.38,315.08,2388.07,8052.59,9.1874,0.02,365,2324,100.0,24.64,14.6705
179,71,19.9991,0.7,100.0,491.19,607.53,1485.7,1258.02,9.35,13.66,334.37,2323.94,8713.54,1.08,44.33,314.89,2387.99,8050.17,9.1954,0.02,364,2324,100.0,24.51,14.7531
179,72,20.0068,0.7007,100.0,491.19,607.33,1480.85,1253.31,9.35,13.66,334.88,2323.83,8711.08,1.08,44.45,314.63,2388.06,8050.26,9.2216,0.02,364,2324,100.0,24.54,14.6468
179,73,0.0001,0.0,100.0,518.67,642.44,1595.45,1402.69,14.62,21.61,554.21,2388.06,9041.87,1.3,47.58,521.24,2388.05,8125.64,8.4129,0.03,392,2388,100.0,38.93,23.3782
179,74,42.0055,0.8413,100.0,445.0,549.76,1354.13,1122.31,3.91,5.71,138.31,2211.68,8302.65,1.02,41.84,130.8,2387.77,8069.08,9.4039,0.02,330,2212,100.0,10.42,6.3481
179,75,10.0042,0.25,100.0,489.05,604.79,1503.54,1303.97,10.52,15.49,394.23,2318.9,8768.21,1.26,45.39,371.76,2388.17,8113.92,8.6813,0.03,369,2319,100.0,28.35,17.0808
179,76,35.001,0.84,100.0,449.44,555.63,1353.36,1126.68,5.48,8.0,194.31,2222.72,8335.44,1.02,41.96,183.47,2387.79,8059.99,9.3022,0.02,334,2223,100.0,14.74,8.9918
179,77,9.9984,0.25,100.0,489.05,604.6,1493.77,1303.94,10.52,15.49,395.01,2318.94,8766.39,1.26,45.46,371.73,2388.1,8121.84,8.6451,0.03,368,2319,100.0,28.56,17.1846
179,78,42.004,0.8406,100.0,445.0,549.54,1351.91,1120.26,3.91,5.71,139.27,2211.64,8305.75,1.02,42.1,130.54,2387.7,8075.72,9.3444,0.02,331,2212,100.0,10.53,6.2937
179,79,25.005,0.62,60.0,462.54,536.52,1262.41,1039.12,7.05,9.02,175.47,1915.14,7999.64,0.94,36.84,164.27,2027.98,7865.29,10.9277,0.02,307,1915,84.93,14.19,8.5448
179,80,10.003,0.25,100.0,489.05,605.4,1496.7,1304.43,10.52,15.49,394.38,2318.95,8768.28,1.26,45.14,370.8,2388.14,8123.07,8.6633,0.03,369,2319,100.0,28.56,17.1548
179,81,25.0057,0.621,60.0,462.54,536.61,1256.4,1038.19,7.05,9.02,175.97,1915.19,8002.4,0.94,36.85,164.62,2028.05,7867.75,10.8901,0.02,308,1915,84.93,14.32,8.5624
179,82,35.0051,0.8405,100.0,449.44,555.5,1354.07,1130.27,5.48,8.0,194.65,2222.71,8341.23,1.02,41.84,183.47,2387.79,8056.54,9.3048,0.02,333,2223,100.0,14.98,8.8573
179,83,0.0004,0.0005,100.0,518.67,642.07,1585.51,1405.42,14.62,21.61,554.34,2388.09,9043.63,1.3,47.33,521.34,2388.09,8123.52,8.4796,0.03,393,2388,100.0,39.09,23.3136
179,84,35.0067,0.8405,100.0,449.44,555.55,1367.36,1132.85,5.48,8.0,194.33,2222.79,8341.84,1.02,41.95,183.06,2387.91,8055.9,9.311,0.02,334,2223,100.0,14.9,8.9128
179,85,34.9986,0.84,100.0,449.44,555.84,1368.89,1125.55,5.48,8.0,194.07,2222.69,8331.4,1.02,41.9,182.64,2387.8,8055.26,9.3102,0.02,334,2223,100.0,14.98,8.9273
179,86,35.0049,0.84,100.0,449.44,555.76,1363.89,1127.78,5.48,8.0,194.24,2222.72,8336.16,1.02,41.91,183.12,2387.77,8054.58,9.3299,0.02,332,2223,100.0,14.72,8.805
179,87,20.0033,0.7011,100.0,491.19,607.38,1491.44,1245.11,9.35,13.65,335.27,2323.88,8712.78,1.08,44.34,314.91,2388.02,8049.24,9.216,0.02,365,2324,100.0,24.5,14.7463
179,88,0.0017,0.0003,100.0,518.67,641.68,1582.84,1417.06,14.62,21.61,553.82,2388.18,9043.72,1.3,47.32,521.97,2388.13,8122.01,8.4392,0.03,391,2388,100.0,38.95,23.328
179,89,35.0057,0.84,100.0,449.44,555.08,1360.7,1128.2,5.48,8.0,194.48,2222.68,8335.65,1.02,41.89,182.96,2387.78,8060.57,9.3128,0.02,333,2223,100.0,14.77,8.8566
179,90,41.9989,0.84,100.0,445.0,549.71,1353.67,1128.23,3.91,5.72,137.9,2211.65,8313.13,1.02,42.02,129.81,2387.73,8074.42,9.3654,0.02,330,2212,100.0,10.64,6.3335
179,91,25.0052,0.62,60.0,462.54,536.51,1257.5,1045.45,7.05,9.03,175.73,1915.16,8001.03,0.94,36.7,164.51,2028.02,7860.72,10.8896,0.02,305,1915,84.93,14.09,8.6231
179,92,25.006,0.6218,60.0,462.54,536.45,1259.49,1058.19,7.05,9.03,175.41,1915.14,7995.81,0.94,36.67,165.04,2028.08,7865.35,10.8636,0.02,308,1915,84.93,14.28,8.6709
179,93,10.0037,0.25,100.0,489.05,604.74,1503.58,1316.31,10.52,15.49,394.35,2318.85,8764.26,1.26,45.54,371.52,2388.12,8119.97,8.6321,0.03,370,2319,100.0,28.52,17.1352
179,94,19.9985,0.7002,100.0,491.19,607.02,1484.57,1251.8,9.35,13.65,333.77,2323.92,8713.1,1.07,44.41,315.22,2388.01,8048.06,9.2175,0.02,364,2324,100.0,24.47,14.6632
179,95,10.0016,0.2516,100.0,489.05,605.16,1504.92,1307.63,10.52,15.49,395.02,2318.94,8763.98,1.26,45.38,371.51,2388.11,8113.47,8.6683,0.03,370,2319,100.0,28.46,17.1337
179,96,20.0,0.7,100.0,491.19,607.18,1479.95,1244.11,9.35,13.65,335.24,2323.93,8704.71,1.08,44.43,314.6,2388.07,8051.88,9.2407,0.02,367,2324,100.0,24.4,14.633
179,97,10.0056,0.2514,100.0,489.05,605.17,1500.12,1313.95,10.52,15.49,393.67,2318.92,8764.78,1.26,45.48,371.6,2388.15,8115.92,8.6286,0.03,368,2319,100.0,28.58,17.1245
179,98,0.001,0.0004,100.0,518.67,642.07,1583.21,1408.71,14.62,21.61,552.81,2388.14,9044.18,1.3,47.59,521.82,2388.12,8119.66,8.448,0.03,393,2388,100.0,38.91,23.3033
179,99,41.9996,0.841,100.0,445.0,549.38,1358.24,1129.55,3.91,5.71,138.75,2211.64,8306.77,1.02,42.19,130.78,2387.7,8070.76,9.381,0.02,332,2212,100.0,10.53,6.2864
179,100,10.0014,0.25,100.0,489.05,604.79,1497.05,1301.77,10.52,15.49,394.67,2319.0,8761.7,1.26,45.45,371.58,2388.11,8119.91,8.6466,0.03,369,2319,100.0,28.68,17.2626
179,101,41.9999,0.84,100.0,445.0,549.51,1355.48,1120.86,3.91,5.71,138.47,2211.71,8304.95,1.02,42.08,130.3,2387.63,8070.33,9.3588,0.02,330,2212,100.0,10.54,6.3157
179,102,42.0057,0.84,100.0,445.0,550.0,1358.61,1122.87,3.91,5.71,138.63,2211.62,8303.33,1.02,42.33,130.51,2387.65,8070.56,9.3774,0.02,330,2212,100.0,10.66,6.4292
179,103,24.9997,0.6219,60.0,462.54,536.64,1261.39,1052.52,7.05,9.02,175.21,1915.13,8003.88,0.94,36.88,164.5,2028.01,7863.23,10.9242,0.02,308,1915,84.93,14.22,8.5137
179,104,42.0047,0.84,100.0,445.0,549.73,1351.97,1123.6,3.91,5.72,138.66,2211.59,8305.16,1.02,42.11,130.56,2387.62,8070.55,9.4019,0.02,330,2212,100.0,10.81,6.2887
179,105,20.0047,0.7013,100.0,491.19,607.51,1491.72,1247.92,9.35,13.66,334.44,2323.9,8706.29,1.08,44.37,314.14,2388.06,8053.47,9.2718,0.02,367,2324,100.0,24.38,14.6641
179,106,10.0066,0.25,100.0,489.05,604.19,1497.91,1310.32,10.52,15.49,393.76,2318.97,8768.84,1.26,45.68,371.84,2388.14,8116.05,8.6394,0.03,368,2319,100.0,28.33,17.1734
179,107,35.0057,0.8418,100.0,449.44,555.79,1367.32,1136.35,5.48,8.0,194.6,2222.74,8343.05,1.02,41.86,183.47,2387.85,8057.33,9.3081,0.02,335,2223,100.0,14.87,8.9055
179,108,42.0061,0.8411,100.0,445.0,549.58,1352.97,1125.1,3.91,5.71,138.63,2211.69,8311.69,1.02,42.1,130.9,2387.67,8066.25,9.423,0.02,331,2212,100.0,10.65,6.4302
179,109,10.007,0.2509,100.0,489.05,604.91,1499.56,1314.58,10.52,15.49,393.64,2318.95,8767.84,1.26,45.34,371.84,2388.18,8118.3,8.684,0.03,370,2319,100.0,28.52,17.1003
179,110,20.0053,0.7,100.0,491.19,607.71,1487.65,1254.84,9.35,13.65,334.2,2323.91,8715.91,1.08,44.48,314.7,2388.07,8042.31,9.1929,0.02,365,2324,100.0,24.48,14.6462
179,111,34.9996,0.8403,100.0,449.44,555.99,1363.94,1129.4,5.48,8.0,194.36,2222.72,8336.08,1.02,41.94,182.83,2387.79,8054.11,9.3094,0.02,333,2223,100.0,14.86,8.9526
179,112,42.0047,0.84,100.0,445.0,549.79,1352.88,1131.95,3.91,5.71,138.63,2211.58,8317.35,1.02,42.09,130.29,2387.69,8069.66,9.3477,0.02,331,2212,100.0,10.65,6.366
179,113,10.0043,0.2512,100.0,489.05,605.26,1499.57,1309.23,10.52,15.49,393.67,2318.95,8762.78,1.26,45.65,371.99,2388.15,8114.62,8.6905,0.03,370,2319,100.0,28.63,17.1292
179,114,0.0026,0.0,100.0,518.67,642.36,1597.43,1409.88,14.62,21.61,553.38,2388.15,9043.3,1.3,47.58,521.4,2388.13,8118.87,8.4097,0.03,393,2388,100.0,38.85,23.2529
179,115,0.0029,0.0004,100.0,518.67,642.48,1589.44,1408.89,14.62,21.61,552.81,2388.19,9039.47,1.3,47.45,521.15,2388.15,8120.33,8.4543,0.03,394,2388,100.0,38.73,23.2012
179,116,10.007,0.25,100.0,489.05,604.96,1500.28,1308.11,10.52,15.5,394.16,2318.95,8766.95,1.26,45.53,371.57,2388.21,8115.6,8.6744,0.03,369,2319,100.0,28.58,17.1573
179,117,10.0077,0.25,100.0,489.05,604.73,1503.33,1310.08,10.52,15.49,394.5,2319.03,8766.01,1.26,45.59,371.07,2388.15,8111.51,8.694,0.03,370,2319,100.0,28.64,17.1705
179,118,25.0063,0.62,60.0,462.54,537.55,1267.12,1051.45,7.05,9.02,175.12,1915.12,7998.05,0.94,36.69,163.85,2027.99,7863.22,10.9042,0.02,308,1915,84.93,14.33,8.5652
179,119,35.0078,0.8419,100.0,449.44,555.88,1369.02,1137.35,5.48,8.0,194.06,2222.68,8340.08,1.02,41.77,182.71,2387.75,8056.89,9.3471,0.02,335,2223,100.0,14.96,8.8849
179,120,0.0021,0.0,100.0,518.67,643.21,1594.81,1413.54,14.62,21.61,553.26,2388.19,9034.13,1.3,47.66,520.95,2388.15,8121.04,8.4573,0.03,392,2388,100.0,38.83,23.2274
179,121,0.0009,0.0,100.0,518.67,642.48,1590.51,1403.56,14.62,21.61,553.72,2388.09,9040.58,1.3,47.7,521.56,2388.1,8123.12,8.4412,0.03,391,2388,100.0,38.61,23.2131
179,122,0.0011,0.0014,100.0,518.67,642.74,1597.72,1414.09,14.62,21.61,553.7,2388.15,9038.42,1.3,47.59,521.23,2388.16,8116.0,8.4235,0.03,394,2388,100.0,38.81,23.2678
179,123,25.0015,0.62,60.0,462.54,536.73,1257.56,1058.33,7.05,9.02,175.31,1915.07,8003.34,0.94,36.76,164.53,2027.98,7861.52,10.8934,0.02,306,1915,84.93,14.22,8.6712
179,124,9.9985,0.25,100.0,489.05,604.92,1497.91,1314.84,10.52,15.49,393.82,2318.99,8765.19,1.26,45.68,371.09,2388.19,8116.56,8.6548,0.03,370,2319,100.0,28.37,17.1448
179,125,20.0024,0.7013,100.0,491.19,607.55,1479.52,1257.51,9.35,13.65,335.28,2323.9,8715.93,1.08,44.62,315.27,2388.06,8046.01,9.2432,0.02,365,2324,100.0,24.35,14.6299
179,126,25.0012,0.6202,60.0,462.54,536.87,1267.96,1048.02,7.05,9.03,175.13,1915.16,7998.18,0.94,36.78,164.42,2027.96,7863.55,10.8976,0.02,307,1915,84.93,14.32,8.4576
179,127,35.0024,0.8401,100.0,449.44,555.81,1367.47,1135.12,5.48,8.0,194.05,2222.62,8334.5,1.02,41.93,182.53,2387.77,8049.66,9.3362,0.02,334,2223,100.0,14.77,8.915
179,128,41.9989,0.8413,100.0,445.0,549.46,1356.67,1125.88,3.91,5.71,137.85,2211.57,8301.35,1.02,42.15,130.12,2387.64,8066.13,9.3932,0.02,332,2212,100.0,10.58,6.294
179,129,10.0059,0.2509,100.0,489.05,604.37,1503.44,1318.26,10.52,15.5,394.85,2318.99,8764.25,1.26,45.58,370.85,2388.2,8118.72,8.6985,0.03,369,2319,100.0,28.35,17.0538
179,130,34.999,0.8409,100.0,449.44,555.89,1365.78,1135.91,5.48,8.0,193.97,2222.62,8339.51,1.02,41.83,182.77,2387.75,8055.68,9.3367,0.02,334,2223,100.0,14.89,8.9366
179,131,24.9988,0.62,60.0,462.54,536.0,1256.81,1054.59,7.05,9.03,174.86,1915.15,7998.39,0.94,36.83,164.73,2028.0,7859.4,10.9158,0.02,308,1915,84.93,14.33,8.6099
179,132,25.003,0.62,60.0,462.54,536.79,1265.29,1051.34,7.05,9.03,175.65,1915.1,8005.55,0.94,36.79,164.6,2027.98,7865.78,10.8978,0.02,306,1915,84.93,14.07,8.6642
179,133,20.005,0.7,100.0,491.19,607.97,1487.48,1259.05,9.35,13.66,334.42,2323.93,8703.74,1.08,44.61,314.81,2388.03,8049.52,9.2631,0.02,367,2324,100.0,24.47,14.7343
179,134,42.0067,0.841,100.0,445.0,549.65,1353.01,1132.04,3.91,5.71,138.48,2211.51,8299.79,1.02,42.31,130.28,2387.55,8063.35,9.4,0.02,330,2212,100.0,10.66,6.3946
179,135,0.0028,0.0003,100.0,518.67,642.92,1593.99,1407.27,14.62,21.61,553.6,2388.18,9035.01,1.3,47.54,521.29,2388.16,8122.94,8.4395,0.03,394,2388,100.0,38.71,23.3096
179,136,25.0006,0.62,60.0,462.54,537.67,1264.82,1056.66,7.05,9.03,175.34,1915.07,7993.74,0.94,37.05,164.53,2027.97,7860.75,10.9197,0.02,308,1915,84.93,14.06,8.6413
179,137,10.0042,0.2514,100.0,489.05,605.32,1505.73,1310.1,10.52,15.5,393.91,2319.04,8760.46,1.26,45.46,371.47,2388.2,8113.08,8.6713,0.03,369,2319,100.0,28.58,17.1469
179,138,0.0029,0.0009,100.0,518.67,643.22,1593.13,1407.23,14.62,21.61,553.62,2388.17,9036.33,1.3,47.68,521.2,2388.13,8123.15,8.4608,0.03,394,2388,100.0,38.69,23.3847
179,139,42.0055,0.8415,100.0,445.0,549.77,1354.3,1129.78,3.91,5.72,138.41,2211.45,8302.28,1.02,42.4,130.08,2387.5,8065.54,9.378,0.02,332,2212,100.0,10.69,6.3315
179,140,42.0018,0.8408,100.0,445.0,549.84,1351.13,1133.0,3.91,5.71,138.6,2211.48,8306.12,1.02,42.15,130.26,2387.55,8068.44,9.4144,0.02,331,2212,100.0,10.54,6.329
179,141,9.9981,0.2512,100.0,489.05,605.07,1497.93,1318.13,10.52,15.49,393.37,2319.06,8765.43,1.26,45.56,370.67,2388.26,8111.33,8.7124,0.03,371,2319,100.0,28.47,16.9918
179,142,25.0068,0.62,60.0,462.54,537.37,1273.31,1055.34,7.05,9.02,175.76,1915.02,7992.86,0.94,36.85,164.62,2027.93,7858.71,10.9176,0.02,308,1915,84.93,14.3,8.5221
179,143,25.0046,0.62,60.0,462.54,536.54,1266.47,1053.89,7.05,9.02,175.11,1915.12,7999.83,0.94,36.83,164.55,2027.91,7856.24,10.9218,0.02,309,1915,84.93,14.17,8.5791
179,144,20.0063,0.7,100.0,491.19,607.47,1481.44,1258.56,9.35,13.66,334.37,2323.97,8712.07,1.08,44.47,314.52,2388.06,8045.19,9.2263,0.02,364,2324,100.0,24.35,14.6952
179,145,0.0016,0.0,100.0,518.67,642.74,1594.12,1413.11,14.62,21.61,551.84,2388.19,9036.81,1.3,47.65,520.73,2388.19,8115.5,8.4421,0.03,394,2388,100.0,38.86,23.2163
179,146,24.9998,0.6201,60.0,462.54,536.98,1268.44,1061.18,7.05,9.03,175.79,1915.1,7997.09,0.94,36.93,164.43,2027.96,7862.01,10.9607,0.02,309,1915,84.93,14.26,8.3877
179,147,42.0,0.8414,100.0,445.0,549.85,1358.23,1129.41,3.91,5.72,138.6,2211.54,8300.35,1.02,42.06,130.11,2387.53,8064.19,9.4085,0.02,332,2212,100.0,10.31,6.3277
179,148,20.0054,0.7,100.0,491.19,608.07,1490.57,1260.25,9.35,13.66,333.9,2323.96,8705.86,1.07,44.52,315.04,2388.06,8047.09,9.2792,0.02,367,2324,100.0,24.23,14.5541
179,149,0.0012,0.0,100.0,518.67,642.8,1590.28,1416.77,14.62,21.61,553.11,2388.16,9032.76,1.3,47.78,520.24,2388.21,8121.94,8.4753,0.03,394,2388,100.0,38.65,23.3631
179,150,0.0005,0.0002,100.0,518.67,643.12,1591.05,1414.56,14.62,21.61,552.72,2388.24,9035.23,1.3,47.7,520.89,2388.18,8122.34,8.4781,0.03,394,2388,100.0,38.75,23.2615
179,151,25.0028,0.62,60.0,462.54,537.4,1256.17,1056.9,7.05,9.03,174.54,1915.05,8007.97,0.94,36.89,164.56,2027.89,7862.47,10.9391,0.02,307,1915,84.93,14.22,8.5523
179,152,0.0002,0.0,100.0,518.67,642.7,1590.06,1415.95,14.62,21.61,552.7,2388.12,9039.15,1.3,47.92,520.25,2388.28,8114.92,8.4593,0.03,394,2388,100.0,38.68,23.3134
179,153,42.0068,0.8419,100.0,445.0,549.56,1354.38,1134.93,3.91,5.71,137.79,2211.51,8309.32,1.02,42.23,130.06,2387.55,8068.38,9.4046,0.02,333,2212,100.0,10.51,6.2685
179,154,42.0007,0.8417,100.0,445.0,549.36,1352.08,1131.35,3.91,5.71,138.61,2211.5,8300.15,1.02,42.33,130.77,2387.52,8064.78,9.4095,0.02,332,2212,100.0,10.45,6.3578
179,155,41.9996,0.8401,100.0,445.0,549.8,1357.98,1135.31,3.91,5.72,138.18,2211.42,8315.21,1.02,42.19,130.51,2387.49,8062.59,9.4131,0.02,331,2212,100.0,10.53,6.2334
179,156,35.0052,0.84,100.0,449.44,556.16,1365.29,1138.19,5.48,8.0,194.27,2222.6,8339.77,1.02,42.19,182.56,2387.63,8049.39,9.371,0.02,335,2223,100.0,15.0,8.7343
